"sncRNA","class","baseMean","log2FoldChange","lfcSE","pvalue","padj","direction"
"hsa-piR-1612","piRNA",1763.99821330489,3.88672118810444,1.12032503524996,0.000521855357097412,0.710491129889789,"up_in_AD"
"tRF3-Gln-TTG-3-3","tRF",52.6533726579535,3.64283912373598,1.14698639961668,0.00149316320647281,0.710491129889789,"up_in_AD"
"tRF5-Lys-CTT-7-1","tRF",555.427292657372,3.82892783546487,1.2553495558909,0.00228773583555737,0.710491129889789,"up_in_AD"
"hsa-piR-29039","piRNA",50.0636419537605,4.01812532754363,1.32290041928358,0.00238659933073971,0.710491129889789,"up_in_AD"
"hsa-piR-23444","piRNA",576.698776142228,4.42786205297123,1.47914445380531,0.00275771155724914,0.710491129889789,"up_in_AD"
"hg38_wgRna_SNORD123","snoRNA",40.2586390011425,-5.04656821333641,1.71415754632143,0.00323946017554034,0.710491129889789,"down_in_AD"
"tRF3-Gln-CTG-2-1","tRF",15.3749944112029,4.26620237850982,1.47597969547365,0.00384726487765789,0.710491129889789,"up_in_AD"
"hsa-piR-13787","piRNA",34.1036888434733,3.78695631212954,1.33861905370086,0.00466933709746092,0.710491129889789,"up_in_AD"
"hsa-piR-23446","piRNA",26.0527670013614,3.74868900731864,1.33012352484344,0.00482784656101594,0.710491129889789,"up_in_AD"
"tRF5-Phe-GAA-1-6","tRF",34.1333280109813,3.01188108000744,1.10492005138658,0.00641300258573237,0.710491129889789,"up_in_AD"
"hsa-piR-5746","piRNA",150.888110180813,3.38631202896418,1.2515115774169,0.00681446603238485,0.710491129889789,"up_in_AD"
"hsa-miR-20b-5p","miRNA",8.98740420869288,4.90280751849282,1.84964170083902,0.00803300060337107,0.710491129889789,"up_in_AD"
"hsa-piR-1118","piRNA",242.050509533167,3.57334440872814,1.35125821225666,0.00818220715495097,0.710491129889789,"up_in_AD"
"tRF5-Phe-GAA-4-1","tRF",29.6084904366236,3.15036931618862,1.20406606573591,0.00888513951215401,0.710491129889789,"up_in_AD"
"hsa-piR-23041","piRNA",105.461763089236,3.27495991044607,1.25394316489403,0.00900855941632716,0.710491129889789,"up_in_AD"
"hsa-piR-31994","piRNA",11.7867760091626,4.50019453329607,1.73285248152967,0.00940456151619576,0.710491129889789,"up_in_AD"
"hsa-piR-25624","piRNA",2129.57955911206,3.60439166870178,1.3985598296468,0.00995995048126376,0.710491129889789,"up_in_AD"
"hsa-piR-19465","piRNA",23.2352195010184,3.6224371127901,1.409633279803,0.0101765263180868,0.710491129889789,"up_in_AD"
"tRF5-Leu-CAA-6-1","tRF",18.5629667070819,3.72499599619183,1.48183345375689,0.0119446588150115,0.710491129889789,"up_in_AD"
"tRF5-Lys-CTT-6-1","tRF",3845.39907614394,3.65240348443226,1.4672310524773,0.0127988720480701,0.710491129889789,"up_in_AD"
"hsa-piR-15716","piRNA",9.92640920172534,4.64075678002773,1.9078086166452,0.0149947241252554,0.710491129889789,"up_in_AD"
"tRF3-Gln-CTG-1-5","tRF",48.7182950101009,3.21770086674796,1.3283198361356,0.0154190428701537,0.710491129889789,"up_in_AD"
"hsa-piR-27429","piRNA",233.670504604582,2.85535094279175,1.1902472582341,0.0164418849240835,0.710491129889789,"up_in_AD"
"tRF3-nmt-Val-TAC-1-1","tRF",8.97099353918811,4.3294821338778,1.80790489480991,0.016631653625139,0.710491129889789,"up_in_AD"
"tRF5-Val-TAC-3-1","tRF",80.3679955767063,2.26592296844454,0.949843701975098,0.0170524654640974,0.710491129889789,"up_in_AD"
"hsa-piR-24541","piRNA",536.640241006055,2.76405553306721,1.16806103414413,0.0179638579830094,0.710491129889789,"up_in_AD"
"tRF3-Gln-CTG-5-1","tRF",15.5413447059407,2.94237985933613,1.25064809806151,0.0186384622690454,0.710491129889789,"up_in_AD"
"hsa-piR-30376","piRNA",10.267977681289,3.40345155461552,1.45065522684523,0.0189685844318451,0.710491129889789,"up_in_AD"
"hsa-piR-5747","piRNA",544.705078914452,2.70374995699016,1.16062374782288,0.0198290856256293,0.710491129889789,"up_in_AD"
"tRF5-Gly-CCC-chr1-135","tRF",46.6874555612412,2.97141101811671,1.28080336985813,0.0203431075106959,0.710491129889789,"up_in_AD"
"hsa-miR-224-3p","miRNA",16.5424897532804,-3.60913950550741,1.55794868042497,0.020525685631577,0.710491129889789,"down_in_AD"
"hsa-piR-3411","piRNA",98.3691778619084,2.27412297784237,0.98180043397072,0.0205430818384005,0.710491129889789,"up_in_AD"
"hsa-miR-7977","miRNA",212.517097502549,2.7821833781789,1.20376450125534,0.0208198445777517,0.710491129889789,"up_in_AD"
"hsa-miR-145-5p","miRNA",60.7519953168602,-2.29350682070056,0.995688306269564,0.0212541812992586,0.710491129889789,"down_in_AD"
"tRF3-Ala-AGC-1-1","tRF",93.708216602566,2.37022319684228,1.02901474064652,0.0212568588969169,0.710491129889789,"up_in_AD"
"tRF5-Lys-CTT-16-1","tRF",103.060771344163,2.99164626058392,1.30350554535518,0.0217286827306104,0.710491129889789,"up_in_AD"
"tRF3-nmt-Gln-TTG-9-1","tRF",7.61461672590409,3.94234675079717,1.72412169361727,0.0222201949020216,0.710491129889789,"up_in_AD"
"tRF3-Glu-TTC-11-1","tRF",13.3771624716614,3.68178270000092,1.63593890400624,0.0244132627140302,0.710491129889789,"up_in_AD"
"hsa-piR-21095","piRNA",6.67948794920544,3.61696194310095,1.60907840546529,0.0245859526056214,0.710491129889789,"up_in_AD"
"hsa-piR-12595","piRNA",21.724909571137,3.04226663450038,1.36115939187676,0.0254137126124332,0.710491129889789,"up_in_AD"
"hsa-piR-21814","piRNA",5.3541149578851,4.75871490225302,2.15140639890922,0.0269729620786316,0.710491129889789,"up_in_AD"
"hsa-miR-362-5p","miRNA",17.7758723158703,-2.63125173576875,1.19325717561651,0.0274470582301892,0.710491129889789,"down_in_AD"
"hsa-miR-361-3p","miRNA",22.8876490598187,-2.51356758909807,1.14452372512407,0.0280798453176694,0.710491129889789,"down_in_AD"
"hsa-piR-12264","piRNA",12.8769350902741,3.24828161024974,1.48423849866307,0.0286319435486553,0.710491129889789,"up_in_AD"
"hsa-piR-12352","piRNA",69.1048538370982,2.32708947188975,1.07523410783392,0.0304441652336233,0.710491129889789,"up_in_AD"
"hsa-piR-3784","piRNA",16.9759540517432,3.14599128582681,1.46018985489006,0.0312003251272435,0.710491129889789,"up_in_AD"
"tRF5-Lys-CTT-10-1","tRF",52.5843649026659,2.40930947407436,1.12259634941009,0.0318575094453312,0.710491129889789,"up_in_AD"
"tRF3-Ser-GCT-5-1","tRF",14.3975908610999,2.54793517960338,1.18936061293986,0.0321715167345533,0.710491129889789,"up_in_AD"
"hg38_wgRna_U31","other",2168.7166259131,-2.03345959443579,0.950301872700384,0.0323706229275935,0.710491129889789,"down_in_AD"
"hsa-piR-7006","piRNA",18.0376309294072,2.59245214172741,1.22305505672349,0.034035331650775,0.710491129889789,"up_in_AD"
"hsa-piR-28345","piRNA",17.2477812030515,2.87614403081174,1.36042293341282,0.0345020883901059,0.710491129889789,"up_in_AD"
"hsa-piR-6288","piRNA",6.33196729559353,4.15128037655376,1.96586520672917,0.0347138123009554,0.710491129889789,"up_in_AD"
"tRF5-Lys-CTT-chr15-5","tRF",295.36133887109,2.80047687382571,1.32745369300334,0.0348875927570303,0.710491129889789,"up_in_AD"
"hsa-piR-27489","piRNA",17.940444127585,2.6025634682916,1.2349166803548,0.0350759049828259,0.710491129889789,"up_in_AD"
"hsa-miR-181a-3p","miRNA",31.0415610034772,-2.42244177436951,1.15823442113753,0.0364836930079021,0.710491129889789,"down_in_AD"
"hsa-piR-30017","piRNA",3.98429818773829,4.58496648578842,2.2018609817097,0.0373137756758731,0.710491129889789,"up_in_AD"
"hsa-let-7b-5p","miRNA",28.0336438095297,2.61913788071189,1.27383032741304,0.0397717174057305,0.710491129889789,"up_in_AD"
"hg38_wgRna_U75","other",520.13969648265,-1.89396288093616,0.922298117845141,0.0400216205882666,0.710491129889789,"down_in_AD"
"hsa-miR-4286","miRNA",12.8961774397773,2.89766488910797,1.41209116033166,0.0401659579398862,0.710491129889789,"up_in_AD"
"hsa-piR-2328","piRNA",8.4383577456058,3.87829106384486,1.89358934533258,0.0405486123611348,0.710491129889789,"up_in_AD"
"tRF5-Gly-CCC-6-1","tRF",130.720391725342,2.39088785054636,1.17091268705524,0.0411613471546426,0.710491129889789,"up_in_AD"
"hsa-piR-15392","piRNA",24.6708712213107,2.72609582214564,1.34397598093859,0.0425213414670142,0.710491129889789,"up_in_AD"
"hsa-piR-23246","piRNA",8.80469925225606,2.93254128875898,1.4467417232683,0.04266270845925,0.710491129889789,"up_in_AD"
"tRF5-Val-CAC-7-1","tRF",44.2340412589034,2.9698524079568,1.46805884674059,0.0430752993033704,0.710491129889789,"up_in_AD"
"hsa-piR-12524","piRNA",6.03758251174292,-4.87958833317266,2.4225566167674,0.0439852995712078,0.710491129889789,"down_in_AD"
"hsa-piR-2649","piRNA",22.8570093537904,2.71407303227055,1.3511603435703,0.0445691746946068,0.710491129889789,"up_in_AD"
"hsa-piR-27490","piRNA",19.6408968926542,2.31847718302575,1.16387889771648,0.0463681903506953,0.710491129889789,"up_in_AD"
"hsa-piR-20474","piRNA",80.9874887942653,2.50666227665369,1.2646776033559,0.0474729340013024,0.710491129889789,"up_in_AD"
"tRF3-Ser-GCT-4-2","tRF",49.0920034081166,2.30685474309474,1.18103390653847,0.0507899524188444,0.710491129889789,"up_in_AD"
"hsa-miR-193b-3p","miRNA",34.1726157198272,-2.83564828020728,1.45603904635409,0.0514738131303495,0.710491129889789,"down_in_AD"
"tRF5-Ser-CGA-4-1","tRF",23.2995399795586,2.28025276803893,1.17463356949982,0.0522284408509743,0.710491129889789,"up_in_AD"
"hsa-piR-26893","piRNA",291.722803901648,1.91522283850676,0.988536090841651,0.0526923872719684,0.710491129889789,"up_in_AD"
"tRF3-Ser-TGA-2-1","tRF",263.69538902532,2.30434843498618,1.18954603858128,0.0527250247663281,0.710491129889789,"up_in_AD"
"tRF5-Gly-CCC-chr1-33","tRF",58.294414608976,2.54453654413261,1.31896795147712,0.0537075838339945,0.710491129889789,"up_in_AD"
"hsa-piR-18613","piRNA",3.67542383024661,4.40069587873644,2.28422173295868,0.0540341787567484,0.710491129889789,"up_in_AD"
"hsa-piR-27433","piRNA",92.1941739185004,2.41301228110506,1.25710200147303,0.0549205844911223,0.710491129889789,"up_in_AD"
"hsa-miR-93-3p","miRNA",5.3693961126874,-3.75875696939428,1.95983682468209,0.0551246031712564,0.710491129889789,"down_in_AD"
"hsa-miR-451a","miRNA",37.7207361993915,-2.4706243662745,1.29293311953401,0.0560215620056542,0.710491129889789,"down_in_AD"
"hsa-piR-25621","piRNA",73.8919322931399,2.47470050871662,1.30947928464411,0.0587799569300128,0.710491129889789,"up_in_AD"
"hsa-miR-625-3p","miRNA",3.18131783405257,-3.93841178551956,2.08970969470204,0.0594744946141625,0.710491129889789,"down_in_AD"
"hsa-miR-425-3p","miRNA",29.4775576791389,-2.07357942438106,1.1031306532425,0.0601459179698297,0.710491129889789,"down_in_AD"
"hsa-miR-191-5p","miRNA",488.983201843214,-1.91899251805967,1.02691145343922,0.061664145833042,0.710491129889789,"down_in_AD"
"hg38_wgRna_ACA60","other",133.693486520568,-1.85477906471031,0.99691798657739,0.0628129538920503,0.710491129889789,"down_in_AD"
"hsa-miR-30e-3p","miRNA",25.2406235780764,-2.42043321563927,1.30113000536618,0.062849498487079,0.710491129889789,"down_in_AD"
"hsa-miR-27a-5p","miRNA",6.06583767041051,-3.52489697857352,1.89782372646065,0.0632633169841731,0.710491129889789,"down_in_AD"
"hsa-piR-25077","piRNA",11.4966914782748,2.56432278884944,1.38535750813246,0.0641668488773672,0.710491129889789,"up_in_AD"
"hsa-miR-143-3p","miRNA",56.8806015987126,-2.50136702207442,1.35470961040941,0.064830805999666,0.710491129889789,"down_in_AD"
"hsa-piR-29235","piRNA",77.0894232675475,1.94821661068538,1.05813705752648,0.0655957634911896,0.710491129889789,"up_in_AD"
"hsa-piR-25623","piRNA",438.795222090231,2.38440464251197,1.30222754068624,0.0670975612795849,0.710491129889789,"up_in_AD"
"tRF5-Leu-TAA-1-1","tRF",112.266825711899,2.34206770867029,1.27993417959835,0.0672746914923802,0.710491129889789,"up_in_AD"
"hsa-miR-10a-5p","miRNA",2.97609257111798,-4.68868865762038,2.57044913651215,0.0681409315264685,0.710491129889789,"down_in_AD"
"hg38_wgRna_U18B","other",407.649468420343,-1.73761563515755,0.953453011849804,0.0683874980700382,0.710491129889789,"down_in_AD"
"hsa-piR-1080","piRNA",127.643748302979,2.21245229851758,1.21433572822043,0.0684634075871728,0.710491129889789,"up_in_AD"
"tRF5-Gln-CTG-2-1","tRF",24.686314787481,2.42411319266017,1.33113985590517,0.068594580083693,0.710491129889789,"up_in_AD"
"hsa-piR-20065","piRNA",20.0756395069795,2.3173305601108,1.27466121057002,0.069064554939614,0.710491129889789,"up_in_AD"
"hsa-miR-378a-3p","miRNA",1160.55088345237,-1.90186603216708,1.04706497231237,0.0693123707037304,0.710491129889789,"down_in_AD"
"hsa-piR-27306","piRNA",241.704422732985,2.24959344759339,1.24219713707135,0.0701440378169348,0.710491129889789,"up_in_AD"
"hg38_wgRna_ACA32","other",139.489494485355,-1.61991130038055,0.896083855057697,0.0706426887897165,0.710491129889789,"down_in_AD"
"hg38_wgRna_U32A","other",456.083173813736,-1.82186465413581,1.01108262595453,0.0715619385882105,0.710491129889789,"down_in_AD"
"tRF3-Arg-TCT-4-1","tRF",185.949695649607,2.26375659135591,1.25734073339288,0.0717924392504917,0.710491129889789,"up_in_AD"
"hsa-piR-23413","piRNA",49.8208348544132,1.97435530859696,1.09768193042714,0.072072663438378,0.710491129889789,"up_in_AD"
"hsa-piR-27432","piRNA",86.5173763678798,2.19248109958813,1.21980005591067,0.0722705178033264,0.710491129889789,"up_in_AD"
"hsa-piR-1119","piRNA",352.405304699027,2.26770515148066,1.26575518981677,0.0731998299225802,0.710491129889789,"up_in_AD"
"tRF3-Arg-TCG-1-1","tRF",171.356971045489,1.82162036089389,1.01944069288722,0.0739565406637962,0.710491129889789,"up_in_AD"
"hsa-miR-6503-5p","miRNA",5.64630803930608,-3.11880960711565,1.74556609708196,0.0739853719721982,0.710491129889789,"down_in_AD"
"tRF3-Ser-AGA-2-6","tRF",198.021906084117,2.12020298635015,1.18743938175097,0.0741761611696506,0.710491129889789,"up_in_AD"
"hsa-miR-767-5p","miRNA",9.17778829532108,-3.04872401630149,1.70803276593165,0.0742721882673848,0.710491129889789,"down_in_AD"
"tRF5-Leu-TAA-3-1","tRF",12.5122768823498,2.80274644857955,1.5742836602194,0.0750217603804679,0.710491129889789,"up_in_AD"
"hsa-piR-7040","piRNA",7.45187860825494,2.72847119678756,1.53380685300792,0.0752580626051918,0.710491129889789,"up_in_AD"
"tRF5-Lys-CTT-chr16-1","tRF",11.4518316629598,2.53729343867176,1.42985770742697,0.0759792180187705,0.710491129889789,"up_in_AD"
"tRF1_chr6_136_Val_AAC_27648884","tRF",27.7103246842141,2.53004495584118,1.42850377902866,0.0765415236501786,0.710491129889789,"up_in_AD"
"hsa-piR-23519","piRNA",45.2543721059704,2.00365425779435,1.13347156779481,0.0771086251944638,0.710491129889789,"up_in_AD"
"hsa-miR-181d-5p","miRNA",9.05690337610219,3.47383087846151,1.97227204430733,0.078181796889841,0.710491129889789,"up_in_AD"
"hsa-miR-92a-1-5p","miRNA",5.70723687724238,-2.89169126480856,1.64417191910326,0.078619577447275,0.710491129889789,"down_in_AD"
"hsa-miR-378a-5p","miRNA",19.7972458310052,-2.02040575377918,1.15018159398962,0.078986492617011,0.710491129889789,"down_in_AD"
"hsa-miR-378c","miRNA",19.7834474949966,-2.3295349445245,1.32908176567796,0.0796466243011267,0.710491129889789,"down_in_AD"
"tRF3-Ser-CGA-2-1","tRF",108.349406512029,2.42153044325941,1.38263572217498,0.079879244141645,0.710491129889789,"up_in_AD"
"tRF3-Glu-CTC-2-1","tRF",290.780269174609,2.03926720044614,1.16592574529018,0.0802816689894058,0.710491129889789,"up_in_AD"
"hsa-piR-7274","piRNA",22.1197973290216,2.37819560480387,1.36005034288813,0.0803587141318765,0.710491129889789,"up_in_AD"
"tRF3-Asp-GTC-4-1","tRF",791.354118633465,2.0258131136218,1.16116046839924,0.0810466363444352,0.710491129889789,"up_in_AD"
"hsa-piR-31438","piRNA",196.395499102935,2.20951893146902,1.26893404128968,0.0816414879084168,0.710491129889789,"up_in_AD"
"hg38_wgRna_snR39B","other",1058.40642676339,-1.56948458552468,0.906818558490656,0.0834947171594636,0.710491129889789,"down_in_AD"
"tRF5-Lys-CTT-2-5","tRF",24399.5853133687,2.46697356365794,1.42886747922539,0.084253239773274,0.710491129889789,"up_in_AD"
"hg38_wgRna_U48","other",1127.3294628773,-1.56022095918048,0.905645712519833,0.0849297873360933,0.710491129889789,"down_in_AD"
"tRF5-Gln-TTG-3-2","tRF",19.9876771264311,2.47451229785621,1.43932355667136,0.0855745160724327,0.710491129889789,"up_in_AD"
"hg38_wgRna_ACA3-2","other",1126.91879764382,-1.59074173284604,0.928118428029603,0.0865392640602636,0.710491129889789,"down_in_AD"
"hsa-piR-29185","piRNA",7.29946789711734,2.64358909630205,1.54355692588525,0.0867750017003982,0.710491129889789,"up_in_AD"
"hg38_wgRna_ACA30","other",18.8743479786826,-1.99997807476539,1.1708376869569,0.0876066628381933,0.710491129889789,"down_in_AD"
"tRF3-Arg-CCT-4-1","tRF",30.9354562841928,1.94973049854145,1.14327572619732,0.0881217923659958,0.710491129889789,"up_in_AD"
"hsa-piR-1079","piRNA",89.9648077051434,2.19106102693566,1.28606170827972,0.0884374832255382,0.710491129889789,"up_in_AD"
"tRF5-Leu-CAA-4-1","tRF",307.678954588712,1.92001701748015,1.12739411757133,0.0885573066791025,0.710491129889789,"up_in_AD"
"tRF3-Gly-CAC-chr1-94","tRF",18.259901648015,2.40137355018272,1.41102582397478,0.0887809324893792,0.710491129889789,"up_in_AD"
"hsa-piR-1262","piRNA",5.14093056321402,3.24651584708772,1.90912031051986,0.0890313290494919,0.710491129889789,"up_in_AD"
"hsa-piR-25622","piRNA",84.0471983197015,2.18454300296442,1.28474099076788,0.0890601857477806,0.710491129889789,"up_in_AD"
"tRF3-Glu-TTC-3-1","tRF",40.5444093236103,1.86781913259647,1.10318087384612,0.0904323639111585,0.710491129889789,"up_in_AD"
"hg38_wgRna_U32B","other",10.5876007133821,-2.94413836915236,1.74334184431858,0.0912596703370681,0.710491129889789,"down_in_AD"
"tRF3-Leu-TAA-3-1","tRF",127.01439019506,1.8800700537886,1.11655769249425,0.0922185592411355,0.710491129889789,"up_in_AD"
"hg38_wgRna_HBI-61","other",1000.22747800476,-1.55515467185749,0.926673848876137,0.0933058255436068,0.710491129889789,"down_in_AD"
"hsa-miR-9-3p","miRNA",30.6260081212557,4.87454670587274,2.90915473010018,0.0938187895316307,0.710491129889789,"up_in_AD"
"hsa-piR-2152","piRNA",21.7565620256223,1.96051974132962,1.17078575501054,0.0940258343026094,0.710491129889789,"up_in_AD"
"hsa-miR-10401-5p","miRNA",3.10436831066903,-3.92561448556419,2.34664122082301,0.0943538317082108,0.710491129889789,"down_in_AD"
"hsa-piR-27434","piRNA",100.75557730177,2.13806112989927,1.28164657869959,0.0952731962956957,0.710491129889789,"up_in_AD"
"hsa-miR-425-5p","miRNA",93.1301729996674,-1.65748036979104,0.993673665408896,0.0953091950976069,0.710491129889789,"down_in_AD"
"hsa-piR-5762","piRNA",3.50568900152934,4.1658203862468,2.50505033281405,0.0963186937953548,0.710491129889789,"up_in_AD"
"hsa-piR-28271","piRNA",12.660517017372,2.18843540155199,1.31867234569585,0.0970000202777706,0.710491129889789,"up_in_AD"
"hsa-piR-21683","piRNA",65.984431424527,1.8313755764804,1.10374199174655,0.0970669449772438,0.710491129889789,"up_in_AD"
"hsa-piR-30377","piRNA",4.00229422094383,3.77392871503587,2.27906586236365,0.0977399784025033,0.710491129889789,"up_in_AD"
"tRF3-Glu-TTC-chr1_KI270713v1_random-1","tRF",50.2583224838839,1.71787083484474,1.04457005073344,0.100058069966834,0.710491129889789,"up_in_AD"
"hg38_wgRna_U52","other",270.896433913029,-1.61647940817433,0.983881637593891,0.100390950286463,0.710491129889789,"down_in_AD"
"tRF5-Lys-TTT-6-1","tRF",267.40389851009,2.200620276894,1.34068746163965,0.100711953206514,0.710491129889789,"up_in_AD"
"tRF1_chrX_2_Leu_TAA_55207754","tRF",3.85388427349509,3.19579510730573,1.95010828918461,0.101259444306613,0.710491129889789,"up_in_AD"
"hsa-piR-31082","piRNA",2.7513627141818,3.93244798931123,2.40796358584398,0.102447734557346,0.710491129889789,"up_in_AD"
"tRF3-Ile-AAT-7-2","tRF",114.68468119665,1.71665788035672,1.05203236084148,0.102731345846318,0.710491129889789,"up_in_AD"
"hg38_wgRna_U30","other",741.938056733057,-1.63792297933036,1.00508978878223,0.103180034110122,0.710491129889789,"down_in_AD"
"hsa-piR-10796","piRNA",7.03979668301783,2.54000771562475,1.56077205929777,0.10365118340566,0.710491129889789,"up_in_AD"
"hsa-piR-28204","piRNA",14.6761855548634,2.36442901726416,1.45356798077486,0.103813988482134,0.710491129889789,"up_in_AD"
"hg38_wgRna_ACA42","other",472.395523415099,-1.64179499577193,1.00955594270191,0.103895505395818,0.710491129889789,"down_in_AD"
"tRF5-Trp-CCA-4-1","tRF",16.1350803876633,2.24001118107312,1.37775037267588,0.103982227107157,0.710491129889789,"up_in_AD"
"tRF5-Ser-CGA-2-1","tRF",13.2629864756457,2.64523191000615,1.6280769334349,0.104214017255374,0.710491129889789,"up_in_AD"
"hsa-piR-29252","piRNA",2.14867748112593,4.92084298831093,3.03874019145309,0.105367799033615,0.710491129889789,"up_in_AD"
"hsa-miR-324-5p","miRNA",6.49715201118859,-2.88740101077494,1.79730199560746,0.108159776393285,0.710491129889789,"down_in_AD"
"tRF3-Ser-CGA-4-1","tRF",17.8410062616537,1.89105824491502,1.17921539752558,0.108789451227811,0.710491129889789,"up_in_AD"
"hsa-piR-2156","piRNA",2.52365447306507,3.98051693672032,2.48948338862937,0.109835508997913,0.710491129889789,"up_in_AD"
"hsa-miR-93-5p","miRNA",375.814211415686,-1.81793895748905,1.13951318589391,0.110630735319755,0.710491129889789,"down_in_AD"
"hsa-miR-30e-5p","miRNA",4.19090057423191,-3.56007204441911,2.23190345440858,0.110693597687077,0.710491129889789,"down_in_AD"
"hsa-piR-27570","piRNA",561.795713291342,1.54158496628143,0.968123868238005,0.11130772535905,0.710491129889789,"up_in_AD"
"hsa-piR-16153","piRNA",17.1958304479378,2.43814109080373,1.53276453321147,0.111681139621589,0.710491129889789,"up_in_AD"
"hg38_wgRna_snR38A","other",34.5850016223121,-1.86058882243709,1.17068696545486,0.111989589216515,0.710491129889789,"down_in_AD"
"hsa-piR-5970","piRNA",289.412465201576,1.89217193291094,1.19146340458837,0.112262039474221,0.710491129889789,"up_in_AD"
"tRF3-Met-CAT-6-1","tRF",34.0656184120936,1.66456084366695,1.04817994607601,0.112275317955898,0.710491129889789,"up_in_AD"
"hsa-miR-23a-3p","miRNA",731.935117574985,-1.66447909493466,1.04818114364519,0.112293363773824,0.710491129889789,"down_in_AD"
"tRF5-Lys-TTT-14-1","tRF",56.2989283759408,1.72627248210454,1.08998841117282,0.113249924876833,0.710491129889789,"up_in_AD"
"hg38_wgRna_U49A","other",312.010162131906,-1.55383038311566,0.983778768919473,0.114232641979948,0.710491129889789,"down_in_AD"
"hsa-piR-31086","piRNA",7.02176344130581,2.43708948066989,1.54436128576757,0.114552613261295,0.710491129889789,"up_in_AD"
"hsa-piR-20792","piRNA",72.5733804418998,1.74225024675183,1.10740015756924,0.115654055345014,0.710491129889789,"up_in_AD"
"tRF3-Thr-AGT-3-1","tRF",31.934294225005,1.59387676847857,1.01316897242634,0.115681804943389,0.710491129889789,"up_in_AD"
"hsa-piR-7904","piRNA",17.0793182377842,-2.26024325329131,1.43759321649118,0.115894628787712,0.710491129889789,"down_in_AD"
"hsa-piR-2080","piRNA",3.27270834023397,3.76419836875076,2.39499197613182,0.116021161377924,0.710491129889789,"up_in_AD"
"hsa-piR-2081","piRNA",2.77610312081948,4.14606942580937,2.64261042555604,0.116664369619577,0.710491129889789,"up_in_AD"
"tRF5-Val-TAC-2-1","tRF",106.408666087782,1.58537227138968,1.01098513195442,0.116847067781333,0.710491129889789,"up_in_AD"
"hsa-miR-5100","miRNA",19.2782851852004,1.87680385262355,1.19687836786783,0.11686191332567,0.710491129889789,"up_in_AD"
"tRF5-Arg-TCT-5-1","tRF",7.84437936093991,2.34080013038154,1.49973303793038,0.118568302835671,0.710491129889789,"up_in_AD"
"hsa-piR-20923","piRNA",120.812264168271,1.66676648016455,1.06880566817639,0.118886041654213,0.710491129889789,"up_in_AD"
"hg38_wgRna_HBII-296A","other",202.41933931345,-1.55474338395159,0.997112883397628,0.118938378629457,0.710491129889789,"down_in_AD"
"tRF3-Lys-CTT-12-1","tRF",4.74091513459827,2.75277716257322,1.7670120586254,0.119263788067488,0.710491129889789,"up_in_AD"
"hsa-piR-24007","piRNA",61.3918421263583,2.06699629949061,1.32912739742921,0.119909663527962,0.710491129889789,"up_in_AD"
"hsa-miR-1301-3p","miRNA",25.3832026411407,-1.69018909884194,1.08691759462785,0.119939005335655,0.710491129889789,"down_in_AD"
"hsa-miR-181a-5p","miRNA",887.976115241316,-1.41580994095077,0.91290387826576,0.120928980619922,0.710491129889789,"down_in_AD"
"tRF3-Gly-CCC-3-1","tRF",11.3859780422837,2.37139263609985,1.53022125556808,0.121212164065781,0.710491129889789,"up_in_AD"
"tRF5-Thr-CGT-5-1","tRF",31.8212745363967,2.11549725343849,1.36613554101521,0.121495557424288,0.710491129889789,"up_in_AD"
"hg38_wgRna_U96a","other",321.370663821631,-1.43741341397344,0.92857385980774,0.121627202470752,0.710491129889789,"down_in_AD"
"hsa-piR-6567","piRNA",28.2576771493024,2.28799881632264,1.47944375707069,0.12197749115255,0.710491129889789,"up_in_AD"
"hsa-miR-7704","miRNA",96.8029083111557,-1.64578291524896,1.06493121308122,0.122240865184706,0.710491129889789,"down_in_AD"
"hsa-piR-28269","piRNA",11.6820985373067,2.0070255193301,1.30044713979675,0.122749528254966,0.710491129889789,"up_in_AD"
"hsa-piR-28096","piRNA",20.1928514142299,1.82563882434605,1.18358432190396,0.12296034273086,0.710491129889789,"up_in_AD"
"hg38_wgRna_HBII-438B","other",11.6207336995134,-2.1242551734638,1.38029170389704,0.123806729772753,0.710491129889789,"down_in_AD"
"hsa-miR-24-3p","miRNA",153.913739749858,-1.89574177423096,1.23242452369759,0.123994490655886,0.710491129889789,"down_in_AD"
"hsa-piR-23804","piRNA",3.31458574319714,3.06741697961456,1.99673621245212,0.12448555283133,0.710491129889789,"up_in_AD"
"hsa-piR-28062","piRNA",17.0606445790267,2.31086702739035,1.50593010420331,0.124903872126798,0.710491129889789,"up_in_AD"
"hg38_wgRna_HBII-108B","other",127.882473211108,-1.59890880898727,1.0424876622494,0.1250927361878,0.710491129889789,"down_in_AD"
"tRF3-Ser-GCT-3-1","tRF",45.3786685291123,1.71742859102285,1.12239445605418,0.12598032883967,0.710491129889789,"up_in_AD"
"hsa-miR-363-3p","miRNA",62.9870788140149,2.15526307779926,1.4088640532351,0.126069255827172,0.710491129889789,"up_in_AD"
"hsa-piR-21079","piRNA",14.2511197775826,2.30182086676177,1.50818329643068,0.126954860360039,0.710491129889789,"up_in_AD"
"hg38_wgRna_14q(II-4)","other",10.1500412595661,2.3352361819717,1.53276488737735,0.127622427389181,0.710491129889789,"up_in_AD"
"hsa-miR-450a-5p","miRNA",4.17527995936995,-3.26096334208403,2.14255028188213,0.128008868659785,0.710491129889789,"down_in_AD"
"hsa-piR-10706","piRNA",5.59484247174504,2.85328686950709,1.87838259682774,0.128759319443606,0.710491129889789,"up_in_AD"
"tRF3-Asn-GTT-4-1","tRF",7.74284407032419,2.3148429402003,1.52539700412879,0.12913173029959,0.710491129889789,"up_in_AD"
"hsa-miR-342-3p","miRNA",291.324296206794,-1.49794365029567,0.987663841830358,0.129354234296201,0.710491129889789,"down_in_AD"
"tRF1_chr15_8_His_GTG_45492610","tRF",55.0866662291163,-1.63328321068902,1.08000210119743,0.130458495062024,0.710491129889789,"down_in_AD"
"hg38_wgRna_HBII-142","other",456.014135245706,-1.35830291083968,0.899206361332962,0.130901229713071,0.710491129889789,"down_in_AD"
"hsa-piR-30373","piRNA",6.64124503700644,2.40782619327683,1.59503548402191,0.131151824050891,0.710491129889789,"up_in_AD"
"tRF3-Gly-CCC-6-1","tRF",1170.32369982244,1.39453115917057,0.924777753176071,0.131563851883878,0.710491129889789,"up_in_AD"
"tRF5-Arg-ACG-2-3","tRF",13.9948362721982,2.33453898929149,1.54970513740215,0.131954063126138,0.710491129889789,"up_in_AD"
"hsa-piR-28400","piRNA",10.7192079707884,2.59813875657226,1.72617509043589,0.132287553788134,0.710491129889789,"up_in_AD"
"tRF3-Glu-TTC-1-2","tRF",121.598106803894,1.43181587499564,0.952032213955066,0.13259234081758,0.710491129889789,"up_in_AD"
"hsa-miR-148a-3p","miRNA",67.168258294498,-1.90957725812971,1.27030818843126,0.132777333134327,0.710491129889789,"down_in_AD"
"hsa-piR-15391","piRNA",4.25031091237901,3.32093226179252,2.21387118219381,0.133599720312093,0.710491129889789,"up_in_AD"
"hsa-miR-20a-5p","miRNA",37.9918201376268,-2.28992595191216,1.52918979643755,0.134269287355803,0.710491129889789,"down_in_AD"
"hsa-piR-5059","piRNA",11.4848510386804,2.26554215839614,1.51547008819002,0.134929188142459,0.710491129889789,"up_in_AD"
"tRF5-Lys-CTT-9-1","tRF",8.52009602040159,2.65104466736594,1.78080545328287,0.136572363379772,0.710491129889789,"up_in_AD"
"hsa-piR-28340","piRNA",48.4657245763889,1.46377260251524,0.983542515769114,0.136680833635326,0.710491129889789,"up_in_AD"
"hsa-miR-3168","miRNA",403.86906752442,1.82958884106756,1.22946631294574,0.13672022971567,0.710491129889789,"up_in_AD"
"tRF3-Leu-TAA-4-1","tRF",32.4377957386395,2.01731663730731,1.36731873219455,0.140110030745707,0.710491129889789,"up_in_AD"
"hsa-miR-532-5p","miRNA",46.6540409111536,-1.76595895165253,1.19705596813372,0.140144864208935,0.710491129889789,"down_in_AD"
"hg38_wgRna_U56","other",806.320683029976,-1.52765599115761,1.03670204958498,0.14059663654743,0.710491129889789,"down_in_AD"
"hsa-piR-28063","piRNA",26.4501541683268,1.82974776134293,1.24176973351287,0.140616251039647,0.710491129889789,"up_in_AD"
"hsa-piR-23136","piRNA",437.968769793725,1.29055835595201,0.876187247701451,0.140771181915873,0.710491129889789,"up_in_AD"
"hsa-miR-181b-5p","miRNA",274.699590491429,-1.42304717609146,0.966908836093478,0.141088652526842,0.710491129889789,"down_in_AD"
"hsa-piR-1424","piRNA",13.6921214226301,2.0986548089678,1.42786447599178,0.141619799395152,0.710491129889789,"up_in_AD"
"tRF3-nmt-Ser-TGA-2-1","tRF",8.51965800004646,2.38283002743959,1.62132070835969,0.14164720373947,0.710491129889789,"up_in_AD"
"hsa-piR-26942","piRNA",43.0862303281185,1.75218545038766,1.19256548407371,0.141763034899969,0.710491129889789,"up_in_AD"
"hsa-piR-816","piRNA",4.78374750211105,-2.68826918797371,1.82995643704555,0.14182342469161,0.710491129889789,"down_in_AD"
"tRF3-nmt-Gln-TTG-7-1","tRF",8.08900521360045,2.41896009693489,1.64665035668037,0.141827728639236,0.710491129889789,"up_in_AD"
"tRF5-Gln-TTG-2-1","tRF",15.1011013483146,2.37815497197111,1.62418264626477,0.143134813012139,0.710491129889789,"up_in_AD"
"hsa-piR-28270","piRNA",12.0615038484531,1.82424001001896,1.24610093157809,0.143205296666735,0.710491129889789,"up_in_AD"
"hsa-piR-27305","piRNA",2.70260875325313,3.39902119952609,2.32338631067144,0.143478328918136,0.710491129889789,"up_in_AD"
"hsa-miR-4454","miRNA",611.186669413808,1.84904832626883,1.26428892780415,0.143598663078477,0.710491129889789,"up_in_AD"
"hg38_wgRna_HBII-85-23","other",52.7666068701632,-1.61575508610118,1.10490054570958,0.143644388195415,0.710491129889789,"down_in_AD"
"hsa-miR-128-3p","miRNA",3607.68811147076,1.86802586196656,1.27933598432406,0.144248117988519,0.710491129889789,"up_in_AD"
"hg38_wgRna_HBII-85-7","other",56.1699627596024,-1.41506733168446,0.970089850568077,0.144648471955081,0.710491129889789,"down_in_AD"
"hsa-piR-25895","piRNA",26.4344176494716,-1.82666929745556,1.25558794891643,0.145715827449281,0.710491129889789,"down_in_AD"
"tRF3-Ile-AAT-3-1","tRF",12.2043166020145,1.76361633103235,1.21268742157157,0.145862004704394,0.710491129889789,"up_in_AD"
"tRF5-Lys-CTT-5-1","tRF",27.3763243696074,2.23207086477022,1.53532076648902,0.145997873743095,0.710491129889789,"up_in_AD"
"hsa-piR-29994","piRNA",14.2186678696496,2.26280387878562,1.55744913690075,0.146254012201601,0.710491129889789,"up_in_AD"
"hg38_wgRna_U45C","other",1482.90891983023,-1.57848516766314,1.089139256631,0.147254937781956,0.710491129889789,"down_in_AD"
"hsa-miR-30c-2-3p","miRNA",3.8007030380161,-3.11159291544348,2.14850055302328,0.147543633710406,0.710491129889789,"down_in_AD"
"tRF3-Thr-CGT-1-1","tRF",29.2749411598087,1.65704692993011,1.1450525262644,0.147858788795758,0.710491129889789,"up_in_AD"
"hsa-miR-660-5p","miRNA",47.2831827792436,-2.12800775639241,1.47232328413777,0.148362403628719,0.710491129889789,"down_in_AD"
"hg38_wgRna_mgh28S-2409","other",572.862129387458,-1.5234884574441,1.0568600744605,0.149436890218332,0.710491129889789,"down_in_AD"
"hg38_wgRna_U101","other",216.362517809995,-1.82483002403055,1.26650920092955,0.149631472602186,0.710491129889789,"down_in_AD"
"tRF5-Gly-TCC-3-1","tRF",414.968417567804,1.86608151605032,1.29606637733071,0.149922867562862,0.710491129889789,"up_in_AD"
"hsa-miR-27a-3p","miRNA",188.036423749149,-1.91236303731743,1.32990642040273,0.150443099365566,0.710491129889789,"down_in_AD"
"tRF1_chr8_8_Undet_???_99153531","tRF",131.013058408362,1.88214006687922,1.30921163264598,0.150543802667219,0.710491129889789,"up_in_AD"
"hsa-piR-24553","piRNA",334.540730693484,1.72881063807027,1.20525511818491,0.151459875923728,0.710491129889789,"up_in_AD"
"hsa-miR-193a-5p","miRNA",16.3554618909746,-1.96237043304323,1.3687776323582,0.151667499080217,0.710491129889789,"down_in_AD"
"tRF5-Lys-TTT-12-1","tRF",11.1895284372285,2.25763349979201,1.5767529053687,0.152194042981743,0.710491129889789,"up_in_AD"
"hsa-piR-17873","piRNA",13.087081682113,2.00226414411614,1.40030061795055,0.152750992339853,0.710491129889789,"up_in_AD"
"tRF3-Asn-GTT-17-1","tRF",4.44601155314936,3.08632730115401,2.16072323334248,0.153183384760705,0.710491129889789,"up_in_AD"
"hsa-miR-320b","miRNA",20.8897250872984,-1.82396355517844,1.27897075101546,0.153834205841633,0.710491129889789,"down_in_AD"
"hg38_wgRna_HBII-85-8","other",257.016936309148,-1.57659116321406,1.1057935915145,0.153938964469473,0.710491129889789,"down_in_AD"
"hsa-piR-30758","piRNA",634.367300495094,-1.36419609397229,0.95717753233429,0.154091343063882,0.710491129889789,"down_in_AD"
"hsa-piR-28778","piRNA",40.4659330399759,1.82784918194893,1.28547276609355,0.155047275134257,0.710491129889789,"up_in_AD"
"hsa-piR-27491","piRNA",194.568768094229,2.08806776261728,1.46999254302787,0.155473379283856,0.710491129889789,"up_in_AD"
"hsa-piR-1507","piRNA",195.316626736827,-1.46611095386684,1.03293824844829,0.155794166368459,0.710491129889789,"down_in_AD"
"hsa-piR-24707","piRNA",32.4116957945537,2.05556056774911,1.44967621400809,0.156206938069054,0.710491129889789,"up_in_AD"
"tRF3-Glu-TTC-4-2","tRF",226.266642050858,1.55707115081826,1.09884777137662,0.156481900772902,0.710491129889789,"up_in_AD"
"hg38_wgRna_U102","other",267.182944840294,-1.37399738634632,0.973758474090735,0.158237292457399,0.710491129889789,"down_in_AD"
"hsa-miR-103b","miRNA",1716.0793045991,-1.55062397256188,1.10322196921633,0.15986039561193,0.710491129889789,"down_in_AD"
"hsa-piR-27024","piRNA",47.7910155156858,1.5365737807564,1.09475428309901,0.160444344975298,0.710491129889789,"up_in_AD"
"hsa-miR-150-5p","miRNA",19.8017547201952,1.87590845248132,1.33653698602348,0.160450225396462,0.710491129889789,"up_in_AD"
"hg38_wgRna_ACA5","other",61.8669346134477,-1.68594258047311,1.20184355401239,0.160677369843177,0.710491129889789,"down_in_AD"
"tRF3-Ala-AGC-5-1","tRF",185.607247965293,1.9097811982132,1.36192735764575,0.160836537298219,0.710491129889789,"up_in_AD"
"hg38_wgRna_ACA46","other",134.801399847356,-1.33570951052348,0.952817700313637,0.160959411585854,0.710491129889789,"down_in_AD"
"tRF3-Lys-TTT-1-1","tRF",3.2294216283265,2.94824235720742,2.10510835515002,0.161358226650948,0.710491129889789,"up_in_AD"
"hg38_wgRna_U50","other",357.162918019074,-1.27870009268542,0.913022953318538,0.161359891796478,0.710491129889789,"down_in_AD"
"hsa-piR-10584","piRNA",13.8926723335166,2.14395182336574,1.53246531640116,0.161806555878807,0.710491129889789,"up_in_AD"
"hg38_wgRna_ACA31","other",104.282131589331,-1.36683592781825,0.977597586990005,0.162065613451899,0.710491129889789,"down_in_AD"
"hsa-piR-6960","piRNA",19.2730003932408,1.89842398861735,1.35818351726422,0.162183071798102,0.710491129889789,"up_in_AD"
"tRF3-Lys-CTT-1-2","tRF",45.6539431234818,1.3183394222837,0.944204922014167,0.162641360855468,0.710491129889789,"up_in_AD"
"hsa-piR-28765","piRNA",70.6204605877131,1.83276558491547,1.31288383427032,0.162719139389789,0.710491129889789,"up_in_AD"
"tRF3-Ser-GCT-6-1","tRF",5.19709408108659,2.35678560338954,1.69015344992288,0.163190485329832,0.710491129889789,"up_in_AD"
"hsa-piR-28085","piRNA",1345.18418239056,1.48085676388224,1.06201444195872,0.163201444544716,0.710491129889789,"up_in_AD"
"hsa-piR-1588","piRNA",24.6900368476506,-1.49395507037344,1.07148903729134,0.163233255215312,0.710491129889789,"down_in_AD"
"tRF3-Thr-AGT-4-1","tRF",23.8181481451831,1.64736472014913,1.18200508556512,0.163407134511559,0.710491129889789,"up_in_AD"
"hsa-piR-20918","piRNA",95.0191781333105,1.57346191909255,1.12903845118711,0.163429347712099,0.710491129889789,"up_in_AD"
"tRF5-Ile-AAT-8-1","tRF",7.49600288817323,2.03093517627427,1.45911856975656,0.163955164539748,0.710491129889789,"up_in_AD"
"hsa-piR-23137","piRNA",11.7385340037627,1.86461233508655,1.33984185443504,0.164023566997245,0.710491129889789,"up_in_AD"
"tRF1_chr17_7_Ser_GCT_8090266","tRF",7.12118928856943,-2.13341567275536,1.53348219920836,0.164157821295647,0.710491129889789,"down_in_AD"
"tRF5-Leu-TAG-3-1","tRF",86.6275664674074,1.55295126036729,1.11646258043027,0.164238515643705,0.710491129889789,"up_in_AD"
"tRF3-Ser-CGA-3-1","tRF",114.483929849575,1.89451774356192,1.3626285369246,0.164425482278057,0.710491129889789,"up_in_AD"
"hsa-piR-15183","piRNA",96.7129252044278,1.47624578695082,1.06370971595479,0.165189524018572,0.710491129889789,"up_in_AD"
"hsa-miR-3074-5p","miRNA",16.8407459203405,-1.90973629195305,1.37788597034786,0.165749931346236,0.710491129889789,"down_in_AD"
"hsa-piR-5442","piRNA",18.8184995129955,2.00974480469905,1.45050978157612,0.165886255536618,0.710491129889789,"up_in_AD"
"hg38_wgRna_mgh28S-2411","other",437.596330868244,-1.39116401878245,1.00566925018271,0.166566270947695,0.710491129889789,"down_in_AD"
"hsa-miR-181a-2-3p","miRNA",73.7867911328952,-1.40219144687951,1.01394617034506,0.16669393101706,0.710491129889789,"down_in_AD"
"hg38_wgRna_HBII-180C","other",130.497692516867,-1.30279068209366,0.942699620409868,0.166978278380964,0.710491129889789,"down_in_AD"
"hg38_wgRna_SNORD121B","snoRNA",123.092885763595,-1.43774575216735,1.04085739164504,0.167183951654058,0.710491129889789,"down_in_AD"
"hsa-miR-34a-5p","miRNA",350.823278061633,-1.81050532293244,1.31117775158534,0.167333172514588,0.710491129889789,"down_in_AD"
"hsa-miR-148b-3p","miRNA",35.0004340596188,-1.79878674827168,1.30437909471591,0.167883413740267,0.710491129889789,"down_in_AD"
"tRF5-Ser-TGA-2-1","tRF",87.0449432221094,1.59972606190033,1.16049063355994,0.168051700027997,0.710491129889789,"up_in_AD"
"tRF5-Trp-CCA-1-1","tRF",13.4357740087436,1.70514433123017,1.23770898307588,0.168307744229772,0.710491129889789,"up_in_AD"
"hsa-piR-5969","piRNA",44.5618652632936,1.92751426766694,1.40010137081015,0.16860618728094,0.710491129889789,"up_in_AD"
"hsa-piR-9137","piRNA",4.78822417467447,2.62903363131089,1.91092239119372,0.168885732183797,0.710491129889789,"up_in_AD"
"hg38_wgRna_HBII-85-9","other",246.077889360279,-1.49548271657504,1.08774063080619,0.169177237550458,0.710491129889789,"down_in_AD"
"hg38_wgRna_HBII-295","other",368.974028380947,-1.36442608761347,0.99250957510589,0.16921722942272,0.710491129889789,"down_in_AD"
"tRF5-Lys-TTT-4-1","tRF",397.570539657423,1.85170819435805,1.34709662563349,0.169257981815468,0.710491129889789,"up_in_AD"
"hsa-piR-31829","piRNA",2.527270521464,3.40589263591022,2.48021768908421,0.169682948863732,0.710491129889789,"up_in_AD"
"hsa-piR-3710","piRNA",56.9948327037872,1.72728049036202,1.25865154867856,0.169961914589113,0.710491129889789,"up_in_AD"
"hg38_wgRna_HBII-85-3","other",268.144162610078,-1.48669248451979,1.08502821610019,0.170628268347066,0.710491129889789,"down_in_AD"
"hsa-piR-30534","piRNA",3.45141285485864,3.16099398530123,2.31069446533734,0.171316958716273,0.710491129889789,"up_in_AD"
"hg38_wgRna_U63","other",447.992977616346,-1.44989286465855,1.06035393865986,0.171510335836622,0.710491129889789,"down_in_AD"
"tRF5-Lys-TTT-11-1","tRF",15.6362266348266,1.63687392993062,1.20004260756836,0.172563418441835,0.710491129889789,"up_in_AD"
"hsa-miR-103a-3p","miRNA",1709.0203308322,-1.50135568368524,1.10160793174163,0.172921401399239,0.710491129889789,"down_in_AD"
"hg38_wgRna_HBII-115","other",28.4886815519391,-1.66909629680472,1.22583939382556,0.173325860965479,0.710491129889789,"down_in_AD"
"hsa-piR-12624","piRNA",12.285121640014,-1.65643454545948,1.2175346390934,0.173677293341147,0.710491129889789,"down_in_AD"
"hg38_wgRna_HBII-419","other",35.1968160145022,-1.71506430314136,1.26146324750282,0.173961841295935,0.710491129889789,"down_in_AD"
"hsa-miR-19a-3p","miRNA",119.754419442295,-1.96603110211101,1.45239634735843,0.175849212750103,0.710491129889789,"down_in_AD"
"hsa-piR-5234","piRNA",6.50749251798145,2.50783338564209,1.85444142725103,0.176266907389192,0.710491129889789,"up_in_AD"
"hsa-piR-23359","piRNA",4.70287950465562,2.57788550149822,1.90747422854227,0.176546382764292,0.710491129889789,"up_in_AD"
"hg38_wgRna_U38B","other",709.409247352034,-1.38985413002909,1.02888437935321,0.176747951275567,0.710491129889789,"down_in_AD"
"hg38_wgRna_U103","other",447.026900795241,-1.43971361421934,1.06603201828869,0.176844415918123,0.710491129889789,"down_in_AD"
"hg38_wgRna_HBII-420","other",3712.22855800818,-1.40600676875228,1.04366353570278,0.17792099449466,0.710491129889789,"down_in_AD"
"hsa-piR-775","piRNA",212.992410290282,-1.38324560214791,1.02716607866236,0.178089092149345,0.710491129889789,"down_in_AD"
"tRF1_chr11_16_Val_TAC_59318459","tRF",1.99911569856917,-3.30336037152624,2.45838183912353,0.179041115115761,0.710491129889789,"down_in_AD"
"hg38_wgRna_U18C","other",96.0916878986716,-1.35460321707608,1.00903597170162,0.179442785406599,0.710491129889789,"down_in_AD"
"hsa-piR-21200","piRNA",7.91782364116635,2.01538020509266,1.50187420842371,0.179625138785405,0.710491129889789,"up_in_AD"
"hg38_wgRna_U25","other",355.024640346123,-1.36236719976991,1.01549631222851,0.179732963015113,0.710491129889789,"down_in_AD"
"hsa-piR-1946","piRNA",13.3282783186878,-1.65492725798477,1.23432006335287,0.179998310776235,0.710491129889789,"down_in_AD"
"hsa-piR-28533","piRNA",163.210390487758,1.32163365195004,0.986658646860313,0.180406505470993,0.710491129889789,"up_in_AD"
"tRF3-nm-SerTGA-AGA-chr11-7","tRF",6.16273457007562,2.10551037114281,1.57526872498991,0.181351955010908,0.710491129889789,"up_in_AD"
"hg38_wgRna_U83A","other",626.174347756475,-1.30073441288016,0.973251045042651,0.18139113909268,0.710491129889789,"down_in_AD"
"tRF3-Lys-CTT-3-1","tRF",46.9132931992807,1.29426177479994,0.968606976974886,0.181480830293831,0.710491129889789,"up_in_AD"
"hsa-piR-20436","piRNA",94.7439622149651,1.31882683622319,0.987614488548909,0.181756578019658,0.710491129889789,"up_in_AD"
"hsa-piR-1423","piRNA",142.008827940153,-1.30534523795903,0.979439184331317,0.182614641560674,0.710491129889789,"down_in_AD"
"hsa-piR-3171","piRNA",10.4696431573043,2.15887894527851,1.62420952931647,0.18378612987717,0.710491129889789,"up_in_AD"
"hsa-piR-29433","piRNA",28.1865734071684,1.82734010230579,1.37643193749227,0.184312911162794,0.710491129889789,"up_in_AD"
"hsa-miR-155-5p","miRNA",87.2004793889006,-1.67375062576478,1.26193764552948,0.184729136691163,0.710491129889789,"down_in_AD"
"hsa-piR-25620","piRNA",9.87898921781964,2.25568184502077,1.70250883210494,0.185198886176856,0.710491129889789,"up_in_AD"
"hg38_wgRna_HBII-99B","other",1667.23889261035,-1.38930060060567,1.05097964431852,0.186198090717245,0.710491129889789,"down_in_AD"
"tRF5-Ala-ATC-chr6-107","tRF",9.90390022976614,1.89725318103739,1.43639672345077,0.186554038268693,0.710491129889789,"up_in_AD"
"hsa-miR-339-5p","miRNA",22.105208729028,-1.77222248830419,1.34300485256638,0.186970273166923,0.710491129889789,"down_in_AD"
"hg38_wgRna_ACA58","other",88.0548036352315,-1.26885112195625,0.963033917644712,0.187652321137131,0.710491129889789,"down_in_AD"
"tRF5-Ala-AGC-chr6-97","tRF",13.2595113324839,2.0266366192571,1.5397440589341,0.188101369083613,0.710491129889789,"up_in_AD"
"hg38_wgRna_SNORD124","snoRNA",22.338578514015,-1.48689572194824,1.13000089166543,0.188229132410454,0.710491129889789,"down_in_AD"
"hsa-piR-29146","piRNA",2.08298135271434,3.73263064097202,2.84181107777359,0.189024973641283,0.710491129889789,"up_in_AD"
"tRF5-Ala-CGC-2-1","tRF",119.434103503102,1.64024678423795,1.25070573722116,0.189703414830407,0.710491129889789,"up_in_AD"
"hsa-miR-29c-3p","miRNA",118.074948209853,-2.04778391049072,1.56213275915386,0.189894995201268,0.710491129889789,"down_in_AD"
"hg38_wgRna_U8","other",5427.59211980242,-1.3514556633004,1.03145793470322,0.190115241871592,0.710491129889789,"down_in_AD"
"hsa-piR-23399","piRNA",9.73085877106331,1.8056214267997,1.37906576676407,0.190430142514599,0.710491129889789,"up_in_AD"
"hsa-piR-28466","piRNA",1101.91948444694,-1.30071975810927,0.99543909155874,0.191321616688262,0.710491129889789,"down_in_AD"
"hsa-piR-5075","piRNA",7.0971386060232,2.55270966315145,1.95362265338354,0.191330107359784,0.710491129889789,"up_in_AD"
"hg38_wgRna_ACA23","other",216.865062787386,-1.21369949159644,0.929146940297038,0.191467078472567,0.710491129889789,"down_in_AD"
"hsa-piR-15796","piRNA",25.4138736820803,2.03416783630515,1.55755744750582,0.191553035754161,0.710491129889789,"up_in_AD"
"tRF3-Thr-CGT-4-1","tRF",71.8932724309278,1.31016174023245,1.00361881717986,0.191743882048495,0.710491129889789,"up_in_AD"
"hsa-piR-27877","piRNA",9.2657011554508,-1.9656908603024,1.50605261033028,0.191826790057722,0.710491129889789,"down_in_AD"
"hsa-piR-3864","piRNA",28.0836062736872,1.76675860768921,1.35395203448307,0.191930272272568,0.710491129889789,"up_in_AD"
"hg38_wgRna_U43","other",956.705743561355,-1.26284900862865,0.968606814628865,0.192309020588411,0.710491129889789,"down_in_AD"
"tRF3-Val-CAC-3-1","tRF",101.894174691133,1.29274017217538,0.992468240119021,0.192728208082659,0.710491129889789,"up_in_AD"
"tRF3-Ser-CGA-1-1","tRF",166.635389925376,1.62637871357614,1.24867499881258,0.192751119045673,0.710491129889789,"up_in_AD"
"tRF5-Pro-TGG-1-1","tRF",1100.15868163535,1.68138053045921,1.2916145403952,0.19299622132519,0.710491129889789,"up_in_AD"
"hg38_wgRna_U107","other",188.519870930402,-1.5646072470874,1.20329610399196,0.193509180425727,0.710491129889789,"down_in_AD"
"hsa-piR-30695","piRNA",11.3726014796103,2.1010986406711,1.62345331636429,0.195590952802971,0.710491129889789,"up_in_AD"
"hsa-miR-500a-3p","miRNA",19.0381031521504,-1.50631759874842,1.16525357595824,0.196116529945049,0.710491129889789,"down_in_AD"
"hg38_wgRna_U104","other",4134.8579009374,-1.41354494687828,1.09569448995286,0.197019271357838,0.710491129889789,"down_in_AD"
"hg38_wgRna_U61","other",644.052365276668,-1.4383266442555,1.11717880211892,0.197932873076754,0.710491129889789,"down_in_AD"
"hsa-piR-23495","piRNA",10.8807621908675,1.94958921370961,1.51488672380043,0.1981103943653,0.710491129889789,"up_in_AD"
"hg38_wgRna_ACA5c","other",183.228889098679,-1.30105600659551,1.01131485518426,0.198268810087431,0.710491129889789,"down_in_AD"
"hg38_wgRna_hTR","other",108.467154323403,1.44975368249671,1.12722769951044,0.198400072730092,0.710491129889789,"up_in_AD"
"hsa-miR-22-3p","miRNA",850.228167427328,-1.71687906412612,1.33629253946228,0.198859459577883,0.710491129889789,"down_in_AD"
"hg38_wgRna_HBII-95B","other",197.518178317641,-1.21365036272484,0.94513196509067,0.199104596696421,0.710491129889789,"down_in_AD"
"hg38_wgRna_HBII-85-5","other",54.5435647665951,-1.26537741710249,0.98602107785322,0.199381108247253,0.710491129889789,"down_in_AD"
"tRF3-Und-NNN-4-1","tRF",12.629036860417,1.72525996848415,1.3444925931733,0.199420173423322,0.710491129889789,"up_in_AD"
"hg38_wgRna_HBII-85-16","other",94.847164660988,-1.4420552868112,1.12454189509793,0.199720211191675,0.710491129889789,"down_in_AD"
"hg38_wgRna_ACA28","other",134.810231801684,-1.32367937589244,1.03338457067107,0.200222986925804,0.710491129889789,"down_in_AD"
"hsa-piR-17696","piRNA",20.917792691986,1.87636642754506,1.46594356916758,0.200555054214229,0.710491129889789,"up_in_AD"
"hsa-miR-342-5p","miRNA",1.82517090543167,-3.14772487705568,2.45963937945367,0.200632876136554,0.710491129889789,"down_in_AD"
"hsa-piR-31386","piRNA",3.57780131881847,2.891762651747,2.26004675222868,0.200715927232147,0.710491129889789,"up_in_AD"
"hg38_wgRna_ACA33","other",173.091620614811,-1.17291923968229,0.916849793199504,0.200794005278071,0.710491129889789,"down_in_AD"
"hsa-miR-296-5p","miRNA",10.7567058893186,-2.49249490521988,1.95261156577339,0.201781316044039,0.710491129889789,"down_in_AD"
"hsa-piR-22236","piRNA",25.2074677023317,1.6067341001263,1.25895232688899,0.201868227493439,0.710491129889789,"up_in_AD"
"hsa-piR-29910","piRNA",2.74687110501261,3.35969701521643,2.63846431526892,0.202892731600723,0.710491129889789,"up_in_AD"
"hg38_wgRna_HBII-13","other",68.1755194222502,-1.40976539494619,1.10879654289571,0.203573084041573,0.710491129889789,"down_in_AD"
"hg38_wgRna_U71b","other",494.193892364045,-1.20076780367649,0.946379662577488,0.204511919689904,0.710491129889789,"down_in_AD"
"tRF5-His-GTG-2-1","tRF",21.4896321374524,1.5997971927731,1.26189705047555,0.204879541095633,0.710491129889789,"up_in_AD"
"hg38_wgRna_SNORA84","snoRNA",42.7750023442977,-1.24535483613523,0.984582781658348,0.205923172073595,0.710491129889789,"down_in_AD"
"hg38_wgRna_HBII-85-17","other",86.6055257866753,-1.51327028955228,1.19665890080305,0.206022113032287,0.710491129889789,"down_in_AD"
"tRF5-Val-CAC-chr1-134","tRF",11.6486591291521,1.51186064676097,1.19705111373618,0.206593656010277,0.710491129889789,"up_in_AD"
"hsa-piR-6693","piRNA",6.97433766760225,1.74650401372032,1.38285890945806,0.206601339559836,0.710491129889789,"up_in_AD"
"hsa-piR-10748","piRNA",31.0980603389919,1.61887532346524,1.28209266855892,0.206703488617117,0.710491129889789,"up_in_AD"
"hg38_wgRna_U103B","other",452.9630699469,-1.32139755204341,1.0465112319619,0.206708069487772,0.710491129889789,"down_in_AD"
"hg38_wgRna_HBII-85-18","other",88.9862752057677,-1.34913165365795,1.06887449628054,0.206877412843509,0.710491129889789,"down_in_AD"
"hsa-miR-185-5p","miRNA",9.64739531477605,-2.28122664724595,1.80847569676712,0.207161701214454,0.710491129889789,"down_in_AD"
"hsa-miR-25-3p","miRNA",151.477081753551,-1.5155414003361,1.20289390393671,0.207700828582434,0.710491129889789,"down_in_AD"
"tRF3-Ser-TGA-1-1","tRF",40.0235034948866,1.38203065638278,1.09816611875825,0.208214740494929,0.710491129889789,"up_in_AD"
"hsa-piR-32002","piRNA",421.947685448654,1.22326313477429,0.972229755971207,0.208318075433115,0.710491129889789,"up_in_AD"
"tRF3-Glu-GAA-chr1-125","tRF",9.03117200746259,1.67698613249174,1.33305837933614,0.20839211129567,0.710491129889789,"up_in_AD"
"tRF5-Cys-GCA-5-1","tRF",13.0552238638589,1.5341854922266,1.22039748495362,0.208710362271638,0.710491129889789,"up_in_AD"
"tRF5-Leu-AAG-6-1","tRF",12.6852942481868,1.61292627176901,1.28348620964137,0.208870994585231,0.710491129889789,"up_in_AD"
"hg38_wgRna_U97","other",466.531318674116,-1.23807173745106,0.987191084418842,0.209792628959775,0.710491129889789,"down_in_AD"
"hsa-piR-11874","piRNA",26.8707034041149,1.35652104800151,1.08302529165434,0.210377012451975,0.710491129889789,"up_in_AD"
"hg38_wgRna_HBII-85-19","other",93.5689603079733,-1.44061744608975,1.15051463860989,0.210515039871998,0.710491129889789,"down_in_AD"
"hsa-miR-1290","miRNA",21.1150079264128,1.60852605940728,1.2861751408486,0.21107039603545,0.710491129889789,"up_in_AD"
"tRF3-nmt-Ser-TGA-1-1","tRF",11.2551865999931,1.78524481419898,1.42863910641597,0.211441255193509,0.710491129889789,"up_in_AD"
"hsa-piR-12115","piRNA",14.192442150985,1.68923541371286,1.35285011588435,0.211793355008628,0.710491129889789,"up_in_AD"
"hsa-piR-19997","piRNA",3.60447983759548,2.29221678391408,1.83611044619791,0.211881319189628,0.710491129889789,"up_in_AD"
"hsa-piR-30554","piRNA",9.88140077963033,1.8319125536716,1.46760703830097,0.211946486268584,0.710491129889789,"up_in_AD"
"hsa-piR-28917","piRNA",25.1694333540756,1.88901336526417,1.51367397678331,0.212043579513464,0.710491129889789,"up_in_AD"
"hg38_wgRna_HBII-85-4","other",12.7055272512754,-1.50399607927715,1.20615693301676,0.212422309754812,0.710491129889789,"down_in_AD"
"tRF1_chr17_26_Cys_GCA_37310743","tRF",73.8466870024658,-1.25825913580033,1.01000852724566,0.21284127904609,0.710491129889789,"down_in_AD"
"hsa-piR-24552","piRNA",30.8291624642689,1.87300267229809,1.50582901957158,0.213560336666888,0.710491129889789,"up_in_AD"
"hsa-piR-23140","piRNA",18.599919677287,1.67896313468616,1.35205697307324,0.214316153380161,0.710491129889789,"up_in_AD"
"tRF3-Pro-AGG-3-1","tRF",41.684734065762,1.35590964537822,1.09291053426015,0.21473838955779,0.710491129889789,"up_in_AD"
"hsa-miR-663a","miRNA",11.1673500470367,-1.75028971471995,1.41154337155572,0.214981700366087,0.710491129889789,"down_in_AD"
"hsa-piR-28060","piRNA",7.72930883817462,2.1278705335559,1.71939627861125,0.215876130598612,0.710491129889789,"up_in_AD"
"hg38_wgRna_U37","other",490.036052555874,-1.23948874181056,1.00396747212205,0.21698293214998,0.710491129889789,"down_in_AD"
"hsa-piR-11180","piRNA",14.1128428963722,1.68466863165729,1.36524918238163,0.217216240182224,0.710491129889789,"up_in_AD"
"tRF3-Asn-GTT-chr1-140","tRF",33.0404215116609,1.48407611497172,1.20322538906346,0.217421011227896,0.710491129889789,"up_in_AD"
"hg38_wgRna_U36C","other",994.273092551059,-1.25150418353754,1.01479909963604,0.217481332196152,0.710491129889789,"down_in_AD"
"hg38_wgRna_mgh18S-121","other",125.288351823803,-1.18551569619542,0.962214034311234,0.217922684060145,0.710491129889789,"down_in_AD"
"hsa-miR-185-3p","miRNA",9.58858899855835,-1.945436729031,1.57979835993082,0.218156016780366,0.710491129889789,"down_in_AD"
"tRF1_chr6_119_Ala_CGC_28641612","tRF",1.9696339171989,-3.29057686151266,2.67380485297596,0.218445551076615,0.710491129889789,"down_in_AD"
"tRF3-Tyr-GTA-5-5","tRF",11.7242225837186,1.48656991815174,1.20840102688522,0.218623776749639,0.710491129889789,"up_in_AD"
"hsa-miR-92b-3p","miRNA",96.8284521691163,1.6936281976378,1.37771924351652,0.218959909985116,0.710491129889789,"up_in_AD"
"hsa-piR-14786","piRNA",30.5182671972714,1.68712142995569,1.37340308131763,0.219287809372798,0.710491129889789,"up_in_AD"
"hg38_wgRna_U24","other",660.266506388651,-1.20621793708518,0.984886338415056,0.2206776971339,0.710491129889789,"down_in_AD"
"hg38_wgRna_U35A","other",1584.65093183949,-1.40126054701627,1.14542908553146,0.221197570817608,0.710491129889789,"down_in_AD"
"tRF3-Arg-TCT-1-1","tRF",160.099925069208,1.22720073643565,1.00574328522336,0.222391787676464,0.710491129889789,"up_in_AD"
"tRF3-Val-TAC-1-2","tRF",178.380332786151,1.41503516031113,1.16082963542192,0.222849477982489,0.710491129889789,"up_in_AD"
"tRF5-Arg-TCT-1-1","tRF",15.7886337694055,1.45818719163715,1.19819413231634,0.223609000395572,0.710491129889789,"up_in_AD"
"hg38_wgRna_ACA57","other",152.346496472411,-1.32453017034024,1.08914024698519,0.223937487646161,0.710491129889789,"down_in_AD"
"hg38_wgRna_SNORD121A","snoRNA",52.7390800625637,-1.42197118855358,1.17087541212353,0.224575428673596,0.710491129889789,"down_in_AD"
"hg38_wgRna_U94","other",386.68736268327,-1.16824057605672,0.962990381410093,0.225076924410399,0.710491129889789,"down_in_AD"
"hsa-piR-4243","piRNA",16.7432420535049,1.75579564731037,1.45407045646393,0.227238170433296,0.710491129889789,"up_in_AD"
"hsa-piR-13284","piRNA",7.78401117673936,-2.09497242500845,1.73790931043993,0.228027487507155,0.710491129889789,"down_in_AD"
"hsa-piR-23058","piRNA",797.458706155232,1.08579244399802,0.901891967838722,0.228626215683742,0.710491129889789,"up_in_AD"
"hsa-piR-14091","piRNA",34.717282135677,1.47060932685279,1.2223065708669,0.228921072673204,0.710491129889789,"up_in_AD"
"hsa-piR-3440","piRNA",435.553446193513,1.24453998485857,1.03602818886247,0.229650075995194,0.710491129889789,"up_in_AD"
"tRF5-Gly-CCC-2-2","tRF",1649.2735118492,1.43424117216159,1.1961015884032,0.230490443132897,0.710491129889789,"up_in_AD"
"hg38_wgRna_U65","other",190.787124739699,-1.11461614434269,0.929618573502108,0.230526492214901,0.710491129889789,"down_in_AD"
"tRF5-Leu-CAG-2-1","tRF",1120.79173738874,1.42970069834117,1.19272191406859,0.230649529576298,0.710491129889789,"up_in_AD"
"tRF5-Cys-ACA-1-1","tRF",5.42730121491771,1.84732602866378,1.54150657258247,0.230765231971892,0.710491129889789,"up_in_AD"
"hsa-piR-6692","piRNA",6.41323716925246,1.70502495578556,1.42292137448372,0.230817129262044,0.710491129889789,"up_in_AD"
"hsa-piR-5971","piRNA",51.0681960648258,1.50862763527945,1.2593464196539,0.230938463882667,0.710491129889789,"up_in_AD"
"hg38_wgRna_ACA51","other",120.218691508038,-1.15038584933461,0.960824701544561,0.231193523569602,0.710491129889789,"down_in_AD"
"hsa-piR-26918","piRNA",304.079846317673,1.30290539147971,1.08883408207401,0.231460162224842,0.710491129889789,"up_in_AD"
"hsa-piR-28469","piRNA",6.96601855910689,1.6963590574128,1.42049557326889,0.232398850049745,0.710491129889789,"up_in_AD"
"hsa-piR-28398","piRNA",548.362857284927,1.12383074362117,0.941086683998155,0.232405965931912,0.710491129889789,"up_in_AD"
"hsa-let-7i-5p","miRNA",117.255797698137,1.77753527962464,1.48893709560491,0.23254512909618,0.710491129889789,"up_in_AD"
"hsa-piR-10735","piRNA",13.9900653016214,1.73320093812445,1.45445547431807,0.233398761201657,0.710491129889789,"up_in_AD"
"hsa-piR-14785","piRNA",4.91912333582144,2.2603476453594,1.90008586679174,0.234202507993649,0.710491129889789,"up_in_AD"
"tRF1_chr2_13_Ala_CGC_157257353","tRF",40.5580436678872,-1.25698657023172,1.05746962968915,0.234568007069981,0.710491129889789,"down_in_AD"
"tRF5-Met-CAT-1-1","tRF",90.7484254512432,1.66122885268464,1.39923971001853,0.23513423558679,0.710491129889789,"up_in_AD"
"hsa-piR-23693","piRNA",5.71508295475596,2.20945826999987,1.86190020847303,0.235358416908779,0.710491129889789,"up_in_AD"
"hg38_wgRna_HBII-85-14","other",76.5949657138358,-1.32923787370412,1.12062219274301,0.235558889136994,0.710491129889789,"down_in_AD"
"hsa-piR-28268","piRNA",10.1484662989213,1.56227081212463,1.31759487871267,0.23574122497808,0.710491129889789,"up_in_AD"
"hsa-piR-11015","piRNA",14.7881715272205,1.3505634332602,1.13927689065307,0.235836921483961,0.710491129889789,"up_in_AD"
"hsa-piR-11623","piRNA",10.2915803432365,2.02844909905443,1.71220015918142,0.236134795688671,0.710491129889789,"up_in_AD"
"hsa-piR-2555","piRNA",2.46962239777055,3.20430944506934,2.70811210493479,0.236719475480889,0.710491129889789,"up_in_AD"
"hg38_wgRna_U99","other",677.942570491894,-1.22975672231465,1.04042232268424,0.237214267763629,0.710491129889789,"down_in_AD"
"hsa-piR-14232","piRNA",2.82004909578544,2.86665258094568,2.4291955403213,0.23796716921022,0.710491129889789,"up_in_AD"
"tRF3-Gly-GCC-1-5","tRF",92.1515344848478,1.42100754157164,1.20448803411311,0.238095438817808,0.710491129889789,"up_in_AD"
"hsa-miR-320a-3p","miRNA",833.83204822775,-1.21794761785514,1.03757724860614,0.240459914087034,0.710491129889789,"down_in_AD"
"tRF3-Ser-AGA-3-1","tRF",24.8808116660598,1.33368469466006,1.13622927445278,0.240482629066616,0.710491129889789,"up_in_AD"
"tRF3-Leu-TAG-1-1","tRF",24.0443226765456,1.33688178087159,1.13941757990719,0.240674419546447,0.710491129889789,"up_in_AD"
"hsa-piR-10795","piRNA",3.02961431994295,2.48114332538353,2.1166945365207,0.241125493532291,0.710491129889789,"up_in_AD"
"hg38_wgRna_HBII-85-24","other",309.441891542423,-1.41826847750778,1.21149517364872,0.241728984723807,0.710491129889789,"down_in_AD"
"tRF5-Ile-GAT-1-2","tRF",18.5130878022622,1.76351779505,1.50708224439483,0.241939139897313,0.710491129889789,"up_in_AD"
"hg38_wgRna_U64","other",582.516030668474,-1.08177673569895,0.925519788746209,0.242471503408335,0.710491129889789,"down_in_AD"
"tRF1_chr19_4_Thr_AGT_33668037","tRF",59.9376670149386,-1.7582925580136,1.50463600522483,0.242571546538515,0.710491129889789,"down_in_AD"
"hg38_wgRna_U45A","other",2648.14752655557,-1.30830911686862,1.12163278405663,0.243439558324048,0.710491129889789,"down_in_AD"
"hg38_wgRna_Z17B","other",121.439550954565,-1.16047896438367,0.995682001681308,0.243811950635907,0.710491129889789,"down_in_AD"
"hsa-miR-324-3p","miRNA",10.5366826173297,-1.57953274533721,1.35825637822715,0.24486517711121,0.710491129889789,"down_in_AD"
"hg38_wgRna_U83B","other",1472.15979544103,-1.31842605266377,1.13506163915735,0.245420018656499,0.710491129889789,"down_in_AD"
"tRF5-Ala-AGC-4-1","tRF",114.610286772715,1.46091565376474,1.2582468744775,0.245612478604118,0.710491129889789,"up_in_AD"
"hg38_wgRna_U50B","other",405.771126475985,-1.09960611898985,0.948149675730058,0.246155102687014,0.710491129889789,"down_in_AD"
"tRF3-Trp-CCA-5-1","tRF",183.515156331831,-1.66923145021617,1.44114963252258,0.246756399204021,0.710491129889789,"down_in_AD"
"tRF3-Ala-AGC-4-1","tRF",34.1013276757021,1.31035052094559,1.13484044260425,0.248231254159599,0.710491129889789,"up_in_AD"
"hg38_wgRna_U60","other",1371.55089801755,-1.28437918888076,1.11243323829764,0.248267609273784,0.710491129889789,"down_in_AD"
"hsa-piR-23381","piRNA",4.11177076754706,2.44094277924504,2.11865813764623,0.249272858331617,0.710491129889789,"up_in_AD"
"hg38_wgRna_ACA27","other",41.9629806068971,-1.1104993537046,0.965987884844023,0.250308794136193,0.710491129889789,"down_in_AD"
"hsa-let-7e-5p","miRNA",37.7705050170204,1.38145063701884,1.20199940736067,0.25043479529536,0.710491129889789,"up_in_AD"
"hsa-miR-619-5p","miRNA",15.4765958943591,1.58744257837918,1.3820886455139,0.250728252126791,0.710491129889789,"up_in_AD"
"hsa-piR-1637","piRNA",214.262582436446,1.07860576904049,0.940373977328212,0.251383019832554,0.710491129889789,"up_in_AD"
"tRF3-Ser-GCT-2-1","tRF",10.7867207966401,1.66464110376799,1.45211979528407,0.251649343565673,0.710491129889789,"up_in_AD"
"hsa-piR-7233","piRNA",172.194740270876,1.37568511747532,1.20010770361402,0.25167047189998,0.710491129889789,"up_in_AD"
"hg38_wgRna_U55","other",234.962982928858,-1.09742446247775,0.957880688542776,0.251927705219913,0.710491129889789,"down_in_AD"
"hsa-piR-31121","piRNA",3.74786713042897,2.13164986666749,1.86603895770519,0.253312960347302,0.710491129889789,"up_in_AD"
"hsa-miR-107","miRNA",420.085872433835,-1.25555436374831,1.09921895443962,0.253360887361076,0.710491129889789,"down_in_AD"
"hg38_wgRna_U45B","other",533.933243256149,-1.7054274449884,1.49361063406283,0.253530809414925,0.710491129889789,"down_in_AD"
"tRF5-Pro-CGG-2-1","tRF",422.389453042376,1.10100555868325,0.964322794514151,0.253562259233941,0.710491129889789,"up_in_AD"
"tRF3-Gln-CTG-4-2","tRF",13.1230854527422,1.61148332304861,1.42021479938243,0.256511192507802,0.710491129889789,"up_in_AD"
"hg38_wgRna_U62A","other",606.088403661446,-1.2750062262799,1.12677767837711,0.257823318653884,0.710491129889789,"down_in_AD"
"hg38_wgRna_ACA20","other",338.882708041233,-1.24043142003796,1.09754694240322,0.258398152714164,0.710491129889789,"down_in_AD"
"tRF3-Ile-TAT-2-2","tRF",17.6151833082356,1.3355505767574,1.18207847924169,0.258546848840359,0.710491129889789,"up_in_AD"
"hsa-piR-31880","piRNA",13.6756170499208,1.66338940682102,1.47353957147743,0.258965622549137,0.710491129889789,"up_in_AD"
"hsa-piR-20437","piRNA",14.8063868145398,1.85449422026042,1.64313835542269,0.259054212228371,0.710491129889789,"up_in_AD"
"tRF5-Ala-TGC-3-2","tRF",106.558316478269,1.41466461266288,1.2572513152157,0.260502462460919,0.710491129889789,"up_in_AD"
"hg38_wgRna_ACA3","other",645.054975091121,-1.06221501757023,0.944764347696401,0.260878389214528,0.710491129889789,"down_in_AD"
"hsa-piR-1476","piRNA",2.25550815989045,-2.60030052674153,2.31632115936568,0.261607710131114,0.710491129889789,"down_in_AD"
"hg38_wgRna_U35B","other",492.114290805057,-1.22027124252243,1.08927958716221,0.262604979909115,0.710491129889789,"down_in_AD"
"hsa-miR-5585-3p","miRNA",5.21855895267131,1.99673261118514,1.78241004615486,0.262610168677457,0.710491129889789,"up_in_AD"
"hsa-piR-29119","piRNA",12.8984775581206,-1.36379014978926,1.21857863594521,0.263069897224559,0.710491129889789,"down_in_AD"
"hsa-piR-29906","piRNA",2.44457826690673,2.80302477344372,2.50609695329408,0.263361114872676,0.710491129889789,"up_in_AD"
"hg38_wgRna_U68","other",189.710056461165,-1.06714669216974,0.954350891462795,0.263485376073915,0.710491129889789,"down_in_AD"
"tRF5-Lys-TTT-10-1","tRF",9.62468055314111,1.88512687452299,1.68620076515849,0.263578538605142,0.710491129889789,"up_in_AD"
"hg38_wgRna_U74","other",795.72849080683,-0.998563300635043,0.893437018130051,0.263710088795091,0.710491129889789,"down_in_AD"
"hg38_wgRna_HBII-85-1","other",258.39204551522,-1.25114306503449,1.12014536035938,0.264016962205339,0.710491129889789,"down_in_AD"
"hsa-piR-1085","piRNA",14.5755877182197,1.43268940445637,1.28312581787297,0.264181688598875,0.710491129889789,"up_in_AD"
"tRF3-Ser-GCT-1-1","tRF",34.6351846944982,1.31398487762373,1.17684222067012,0.264193433882933,0.710491129889789,"up_in_AD"
"hsa-piR-26844","piRNA",80.723669133025,1.41728827342504,1.2743384945289,0.266062625155612,0.710491129889789,"up_in_AD"
"tRF3-Ala-TGC-2-1","tRF",34.7101979322053,1.24691780547163,1.12194210297708,0.266399528635275,0.710491129889789,"up_in_AD"
"hsa-piR-28247","piRNA",108.869792672907,1.39674258313626,1.25720194381878,0.266571354176019,0.710491129889789,"up_in_AD"
"hg38_wgRna_HBI-6","other",183.534387233635,-1.15041938771714,1.03578292274344,0.266707772225012,0.710491129889789,"down_in_AD"
"hsa-piR-1599","piRNA",110.161456543993,-1.10054547577015,0.991447251069251,0.266982064372964,0.710491129889789,"down_in_AD"
"hsa-piR-25071","piRNA",28.2312158604168,1.1216556088416,1.01111614383023,0.26729034833591,0.710491129889789,"up_in_AD"
"tRF3-Val-CAC-8-1","tRF",19.0289592989599,1.47726520815421,1.33256067368195,0.26760652045373,0.710491129889789,"up_in_AD"
"hg38_wgRna_SNORA11E","snoRNA",9.35832869451771,-1.83516032501448,1.65641972882665,0.267901639930948,0.710491129889789,"down_in_AD"
"hsa-piR-7859","piRNA",4.25433645827303,2.15991370666992,1.95009863309817,0.268038046363774,0.710491129889789,"up_in_AD"
"hg38_wgRna_ACA21","other",53.8196115681271,-1.03947660246188,0.939191147762173,0.26838969090767,0.710491129889789,"down_in_AD"
"hsa-piR-18128","piRNA",3.20453746428979,-2.09469181377848,1.89519009050111,0.26904374168036,0.710491129889789,"down_in_AD"
"hsa-miR-574-5p","miRNA",7.82595334615819,-1.47071299077393,1.33316044645038,0.26994996578885,0.710491129889789,"down_in_AD"
"tRF5-Gly-GCC-4-1","tRF",340.001250739377,1.53800022656998,1.39451375141157,0.27007339410278,0.710491129889789,"up_in_AD"
"hg38_wgRna_U46","other",1682.47872394991,-1.26514250952034,1.14753961839964,0.270251901029398,0.710491129889789,"down_in_AD"
"tRF3-Ile-AAT-chr6-79","tRF",11.4517272852362,1.39335695285783,1.26449083895501,0.270500163716535,0.710491129889789,"up_in_AD"
"hg38_wgRna_HBII-85-15","other",160.958178350077,-1.28508863703876,1.1683100726793,0.271351680200283,0.710491129889789,"down_in_AD"
"hsa-miR-28-5p","miRNA",42.1590071658553,-1.3769806724712,1.2542763719179,0.272279271048477,0.710491129889789,"down_in_AD"
"hg38_wgRna_HBII-336","other",97.0619428243713,-1.22521246863359,1.11631170575408,0.272399253184739,0.710491129889789,"down_in_AD"
"hsa-piR-5575","piRNA",11.3137493237726,1.77388041568808,1.61773268392474,0.272850147539752,0.710491129889789,"up_in_AD"
"hsa-piR-11708","piRNA",5.13916544396484,-1.89498301470272,1.73011241818324,0.273387535365583,0.710491129889789,"down_in_AD"
"hsa-piR-22904","piRNA",4.2453883368455,2.18291720012237,1.99411331619624,0.273656582183078,0.710491129889789,"up_in_AD"
"tRF5-Glu-TTC-8-1","tRF",267.853044111863,1.21325328533199,1.10897288763212,0.273940366802005,0.710491129889789,"up_in_AD"
"hg38_wgRna_ACA63","other",231.127923380314,-1.06874833276063,0.977466658597822,0.27422436999133,0.710491129889789,"down_in_AD"
"tRF1_chr6_158_Ile_AAT_27144993","tRF",4.16863244729426,-2.42833446524411,2.22651266934544,0.275429208429212,0.710491129889789,"down_in_AD"
"hg38_wgRna_HBII-316","other",286.805945795042,-1.06264457590255,0.97642427183784,0.276461768136029,0.710491129889789,"down_in_AD"
"hg38_wgRna_ACA61","other",1754.68207385563,-1.06972699202779,0.983457095953055,0.276718268906349,0.710491129889789,"down_in_AD"
"hsa-miR-501-5p","miRNA",1.85383108469442,-2.67475560417609,2.46016268994705,0.276936446692931,0.710491129889789,"down_in_AD"
"hg38_wgRna_HBII-180A","other",50.2887578072092,-1.15617328846705,1.06396100995012,0.277183184684508,0.710491129889789,"down_in_AD"
"hg38_wgRna_U100","other",35.6903464456853,1.26726463496734,1.16620727206829,0.2771894328359,0.710491129889789,"up_in_AD"
"tRF3-Arg-TCG-3-1","tRF",40.1496460391801,1.12118114723532,1.03349132811565,0.277988919148921,0.711218403536851,"up_in_AD"
"hg38_wgRna_HBII-296B","other",282.349498662013,-1.17232420947349,1.08227591770083,0.278718456130484,0.711764353710996,"down_in_AD"
"tRF5-Thr-TGT-6-1","tRF",14.8245458324596,1.22513469718082,1.13287357871865,0.279501478212413,0.712444618216114,"up_in_AD"
"hg38_wgRna_U22","other",1340.5485788235,-1.17747990097582,1.09142267005965,0.280655192221768,0.712999556033431,"down_in_AD"
"tRF3-Cys-GCA-4-1","tRF",28.4247565608352,-1.43653410473847,1.33640651822113,0.282409203305232,0.712999556033431,"down_in_AD"
"tRF5-Tyr-GTA-5-5","tRF",21.8674120076555,1.22335021982104,1.14046820712752,0.283417556961626,0.712999556033431,"up_in_AD"
"hg38_wgRna_HBII-85-22","other",84.7836709893785,-1.23570419300076,1.15209495158861,0.283463424455298,0.712999556033431,"down_in_AD"
"hsa-piR-17974","piRNA",93.8903137153645,1.24737321415849,1.16410669616572,0.283931974177282,0.712999556033431,"up_in_AD"
"hsa-piR-23724","piRNA",5.44288510191026,-1.96755341416582,1.83804027918227,0.284411125489469,0.712999556033431,"down_in_AD"
"hsa-piR-8232","piRNA",5.64158858718962,1.83532644013799,1.71471967719288,0.284468032714558,0.712999556033431,"up_in_AD"
"tRF5-Val-TAC-4-1","tRF",28.0616201940887,1.23782263438199,1.15697040506449,0.284672105797703,0.712999556033431,"up_in_AD"
"hsa-piR-15182","piRNA",51.3323801016859,1.31326019151191,1.22778447486569,0.284791356733416,0.712999556033431,"up_in_AD"
"hsa-piR-20793","piRNA",58.0134929685875,1.28938376435679,1.20570797983097,0.284889597805961,0.712999556033431,"up_in_AD"
"tRF3-Glu-TTC-2-2","tRF",343.047831214199,0.958457733305507,0.897349276056951,0.285475922810127,0.713172640498489,"up_in_AD"
"hg38_wgRna_ACA39","other",4.4466951876557,-1.95400655823046,1.83519536594591,0.286993444617567,0.714979541668356,"down_in_AD"
"tRF5-Val-CAC-6-1","tRF",4.28185244945022,2.11569330613235,1.98989414628737,0.287682638444377,0.714979541668356,"up_in_AD"
"hsa-piR-26604","piRNA",66.4945353401274,1.20702426873151,1.13739863724203,0.288592294363454,0.714979541668356,"up_in_AD"
"hsa-miR-28-3p","miRNA",12.7633237185261,-1.29679183791278,1.22479430047842,0.289698448669278,0.714979541668356,"down_in_AD"
"hsa-piR-4342","piRNA",4.06078238911003,2.10981676195538,1.99441222012539,0.290117478793952,0.714979541668356,"up_in_AD"
"hg38_wgRna_HBII-85-29","other",108.383687856272,-1.31697173437416,1.24697415183324,0.290907022422829,0.714979541668356,"down_in_AD"
"hsa-miR-181c-5p","miRNA",6.41033841563502,1.92861323046755,1.82768776608405,0.291324582592567,0.714979541668356,"up_in_AD"
"hsa-piR-7435","piRNA",85.2494062632163,1.07381370014313,1.01798901480743,0.291499330409075,0.714979541668356,"up_in_AD"
"hsa-piR-13419","piRNA",26.8313491779532,1.42212077521065,1.3525383910165,0.293053902090132,0.714979541668356,"up_in_AD"
"hg38_wgRna_HBII-82B","other",83.8338901007474,-1.13662342566374,1.08257433141633,0.293751929287785,0.714979541668356,"down_in_AD"
"hg38_wgRna_U73a","other",437.774964644139,-1.08871516447555,1.03710618476666,0.293827327838073,0.714979541668356,"down_in_AD"
"tRF5-Gly-TCC-2-6","tRF",722.523962493087,1.34464596959019,1.28494607765398,0.29534823761808,0.714979541668356,"up_in_AD"
"hsa-piR-24722","piRNA",93.2099960363527,1.21184094753263,1.15885187057579,0.295687787737324,0.714979541668356,"up_in_AD"
"hsa-piR-22235","piRNA",20.4767237487699,1.57915320823452,1.51076749606449,0.295900257914362,0.714979541668356,"up_in_AD"
"hsa-miR-30d-5p","miRNA",25.1023540914293,-1.29436366027174,1.23866979096026,0.296040234829774,0.714979541668356,"down_in_AD"
"hsa-piR-22269","piRNA",154.437634899575,1.26159446654301,1.21046737083716,0.297301588594684,0.714979541668356,"up_in_AD"
"hg38_wgRna_ACA1","other",183.902509755336,-1.0577535751364,1.01581042179695,0.297740820641908,0.714979541668356,"down_in_AD"
"tRF3-iMet-CAT-2-1","tRF",4.29343528523745,2.43924952933928,2.34408586895833,0.298062464421646,0.714979541668356,"up_in_AD"
"hsa-piR-18805","piRNA",14.6725222780166,1.50192720038473,1.44511479286868,0.298658994628391,0.714979541668356,"up_in_AD"
"hsa-piR-27157","piRNA",12.4177039531876,1.37584627611661,1.3247188367717,0.298993161724272,0.714979541668356,"up_in_AD"
"hg38_wgRna_HBI-115","other",26.242342373737,-1.06025675119014,1.02256664827361,0.299801884620685,0.714979541668356,"down_in_AD"
"hg38_wgRna_HBII-436","other",36.8850520231235,-1.21395350430833,1.17090488646104,0.299845271460058,0.714979541668356,"down_in_AD"
"hsa-piR-27488","piRNA",4.25579276749992,1.69293640168657,1.63411072700338,0.300202802430722,0.714979541668356,"up_in_AD"
"hg38_wgRna_snR38B","other",182.680499638774,-1.12932024443468,1.09112167875132,0.300664927762326,0.714979541668356,"down_in_AD"
"tRF5-Leu-TAG-2-1","tRF",45.9407016817728,1.00258691047841,0.968888403589435,0.300771391227933,0.714979541668356,"up_in_AD"
"hsa-miR-3651","miRNA",11.784756164191,-1.41285794429874,1.3665716590378,0.301196769348825,0.714979541668356,"down_in_AD"
"hsa-piR-22866","piRNA",4.73781136550416,1.7143149692427,1.66004668814219,0.301748612729996,0.714979541668356,"up_in_AD"
"tRF3-Gly-TCC-2-5","tRF",172.764501021064,1.1120843233469,1.07694192133378,0.301776306410524,0.714979541668356,"up_in_AD"
"hsa-piR-3861","piRNA",3.36231631479557,2.16050645613813,2.09748224091949,0.302987681999811,0.714979541668356,"up_in_AD"
"hsa-piR-1901","piRNA",169.080905911174,1.28838878082043,1.25202449961076,0.303458818483657,0.714979541668356,"up_in_AD"
"hg38_wgRna_HBI-43","other",711.664739319481,-1.03206044374106,1.00315186804226,0.303565326079935,0.714979541668356,"down_in_AD"
"hsa-miR-589-5p","miRNA",2.66613284151669,-2.24525739277719,2.18370027069099,0.303860760494398,0.714979541668356,"down_in_AD"
"hsa-miR-365a-3p","miRNA",13.0480969540284,-1.34187242369348,1.30509034622131,0.303863495467004,0.714979541668356,"down_in_AD"
"hsa-piR-427","piRNA",4189.36772320874,1.10459973942928,1.07547982971828,0.304384583366543,0.714979541668356,"up_in_AD"
"hg38_wgRna_HBII-85-6","other",182.167552318566,-1.09017255771436,1.06326471675513,0.305218442297886,0.714979541668356,"down_in_AD"
"hsa-piR-14184","piRNA",5.67204871113987,1.71189178992666,1.67601450703171,0.30706197792902,0.714979541668356,"up_in_AD"
"hg38_wgRna_ACA26","other",478.961898332098,-1.09105785461276,1.06913482470809,0.307488832799614,0.714979541668356,"down_in_AD"
"hsa-piR-28865","piRNA",3.41560800531241,1.93490234974179,1.89794507515202,0.307978817487948,0.714979541668356,"up_in_AD"
"tRF3-Val-AAC-4-1","tRF",41.8700429450195,1.07064028908694,1.05099131678048,0.308347475449164,0.714979541668356,"up_in_AD"
"hsa-miR-98-5p","miRNA",11.5138450616402,1.63392353111342,1.60714488991692,0.309314132416614,0.714979541668356,"up_in_AD"
"hg38_wgRna_mgU6-53","other",399.188612480827,-1.2436827173954,1.22346885289929,0.309380988558235,0.714979541668356,"down_in_AD"
"hsa-piR-29545","piRNA",2.10768643427581,-2.90374784222444,2.859611304922,0.309898776693849,0.714979541668356,"down_in_AD"
"hsa-miR-106b-3p","miRNA",14.0635512496732,-1.38975922645753,1.3691663181329,0.310086535364576,0.714979541668356,"down_in_AD"
"hg38_wgRna_SNORD127","snoRNA",332.328371391102,-1.10971661952457,1.09482857798969,0.310774367134984,0.714979541668356,"down_in_AD"
"hg38_wgRna_ACA55","other",75.0424181527865,-1.00659161487229,0.99345121725154,0.310951737887208,0.714979541668356,"down_in_AD"
"hg38_wgRna_HBII-85-2","other",195.408445927641,-1.08860153662724,1.07693076438349,0.312094418311115,0.714979541668356,"down_in_AD"
"hg38_wgRna_ACA6","other",405.59643893294,-1.05581708374349,1.04498682706951,0.312320922851382,0.714979541668356,"down_in_AD"
"hsa-miR-582-5p","miRNA",2.55254743956959,-2.39817985251668,2.37369904018067,0.312345182416426,0.714979541668356,"down_in_AD"
"tRF3-Tyr-GTA-11-1","tRF",4.31380338840587,2.13219074929613,2.1136211618739,0.313077432857285,0.714979541668356,"up_in_AD"
"hg38_wgRna_ACA36","other",24.7629431970543,-1.07751099696659,1.06852916956474,0.313259696447312,0.714979541668356,"down_in_AD"
"hsa-piR-28351","piRNA",1808.32208277032,0.939673151837981,0.933032961357753,0.313878658318924,0.714979541668356,"up_in_AD"
"hsa-piR-22273","piRNA",9.64496132540582,1.59137822433261,1.58396077006165,0.315049587736964,0.714979541668356,"up_in_AD"
"tRF3-Asn-GTT-6-1","tRF",3.71287818880304,1.71300208498227,1.70560252505648,0.31521553793465,0.714979541668356,"up_in_AD"
"hsa-piR-12584","piRNA",248.891362951126,1.00851737988095,1.00447258423402,0.315365702993532,0.714979541668356,"up_in_AD"
"tRF5-Arg-CCT-2-1","tRF",6.90399155789336,2.0115698968655,2.00409982434263,0.315510028525102,0.714979541668356,"up_in_AD"
"tRF5-Ser-GCT-4-3","tRF",45.9455942800341,1.03959658208862,1.03733996745283,0.316258893584236,0.714979541668356,"up_in_AD"
"tRF5-Cys-GCA-6-1","tRF",30.0336234590469,1.0288304515486,1.02708085460077,0.316486832380666,0.714979541668356,"up_in_AD"
"hsa-piR-9477","piRNA",9.57974834283104,1.30683197851114,1.30744656723696,0.317538046693912,0.714979541668356,"up_in_AD"
"hsa-piR-19456","piRNA",24.4699475677012,1.15302349138899,1.15362089899926,0.317561183941463,0.714979541668356,"up_in_AD"
"hg38_wgRna_U62B","other",579.866832429987,-1.12272181287701,1.12578565151105,0.318629352281878,0.714979541668356,"down_in_AD"
"hsa-piR-31846","piRNA",3.32363664643438,2.2762867579656,2.28407089640566,0.318962595953851,0.714979541668356,"up_in_AD"
"tRF5-Lys-TTT-2-1","tRF",68.8034675838843,1.07165356151695,1.07562079422635,0.31909873003717,0.714979541668356,"up_in_AD"
"hsa-piR-28058","piRNA",16.7786876411277,1.37848303431691,1.3857160565005,0.319843129601059,0.714979541668356,"up_in_AD"
"hg38_wgRna_SNORD125","snoRNA",1558.67649563537,-1.11897183185814,1.12605751399711,0.320365275297043,0.714979541668356,"down_in_AD"
"hsa-piR-12263","piRNA",130.190097263331,-1.05045392263421,1.05744595381838,0.320520998716256,0.714979541668356,"down_in_AD"
"hsa-piR-13413","piRNA",58.0659821966337,1.1337415296249,1.1425591139616,0.321059688229949,0.714979541668356,"up_in_AD"
"hg38_wgRna_mgU6-53B","other",109.096064119212,-1.16586607910081,1.17510815380372,0.321131612439986,0.714979541668356,"down_in_AD"
"hsa-miR-625-5p","miRNA",1.98490127053687,-2.39360235946579,2.41419293856941,0.321455631497013,0.714979541668356,"down_in_AD"
"hsa-piR-27198","piRNA",318.452686672164,1.08817388514988,1.10079104229585,0.322889184733268,0.716728068393515,"up_in_AD"
"hg38_wgRna_U16","other",295.033659598544,-0.959726771794354,0.975946052912111,0.325419974863895,0.716728068393515,"down_in_AD"
"tRF3-Leu-CTA-chr5-1","tRF",5.55526441394076,1.47470880839714,1.50039111470577,0.325665062195011,0.716728068393515,"up_in_AD"
"tRF3-Val-CAC-9-1","tRF",25.4121739707392,1.11872513062806,1.14114704369147,0.326912678385259,0.716728068393515,"up_in_AD"
"hsa-piR-30495","piRNA",3.58002910775566,2.20713669652669,2.25411547918743,0.327501590284593,0.716728068393515,"up_in_AD"
"tRF3-Lys-TTT-14-1","tRF",29.0515447365709,1.18534479541306,1.21161304621098,0.327916277050279,0.716728068393515,"up_in_AD"
"hg38_wgRna_HBII-239","other",439.140165751315,-1.08554111839278,1.10961755960181,0.327924962948312,0.716728068393515,"down_in_AD"
"hg38_wgRna_HBII-85-20","other",85.3283124495205,-1.19598968401637,1.22362484228337,0.328363574586396,0.716728068393515,"down_in_AD"
"hsa-piR-5084","piRNA",9.03537745490726,1.53100935464597,1.56649963484509,0.3283987708585,0.716728068393515,"up_in_AD"
"hsa-piR-7663","piRNA",1.91512498328644,2.82719067891445,2.89834698612176,0.329337415176445,0.716728068393515,"up_in_AD"
"hsa-piR-28516","piRNA",5.96048370470274,-1.52794727993228,1.5668697893523,0.329481363511609,0.716728068393515,"down_in_AD"
"hsa-piR-28450","piRNA",4.9936262960941,1.85428595284454,1.90197942261069,0.329597812518069,0.716728068393515,"up_in_AD"
"hg38_wgRna_ACA2b","other",22.4536594086249,-1.23756853859548,1.27274492224245,0.330870590890371,0.716728068393515,"down_in_AD"
"hsa-piR-20114","piRNA",9.82374953382225,1.42706449151163,1.46803986460352,0.331006583197703,0.716728068393515,"up_in_AD"
"hg38_wgRna_U108","other",25.2798304060207,-1.15475263994529,1.18836500401306,0.331192126193257,0.716728068393515,"down_in_AD"
"hsa-let-7d-5p","miRNA",50.0724292790123,1.25543876954705,1.29275766102684,0.331482382326619,0.716728068393515,"up_in_AD"
"hsa-miR-4492","miRNA",16.6833626264855,1.31409783410026,1.35412468737822,0.331826823983073,0.716728068393515,"up_in_AD"
"tRF5-Val-AAC-6-1","tRF",23.8705107066418,1.09741858916681,1.13100547668944,0.331895225889577,0.716728068393515,"up_in_AD"
"hg38_wgRna_U18A","other",1331.81004536709,-1.17879136974317,1.21542586967146,0.332116922192499,0.716728068393515,"down_in_AD"
"hsa-let-7c-5p","miRNA",52.00932127204,1.29849020967624,1.34054743930151,0.332731414405783,0.716932219477461,"up_in_AD"
"tRF3-Arg-CCT-2-1","tRF",24.5063783642018,1.17715208036358,1.21751333858981,0.333619308736866,0.717018776203754,"up_in_AD"
"hg38_wgRna_U95","other",410.725812830758,-0.968207492837408,1.00400901035574,0.334874772127225,0.717018776203754,"down_in_AD"
"hg38_wgRna_ACA67B","other",15.2767046643979,-1.11507873494841,1.15779237493197,0.335493485092836,0.717018776203754,"down_in_AD"
"hsa-piR-20915","piRNA",2.54616667137891,2.56240274454078,2.66260458079115,0.335865291376473,0.717018776203754,"up_in_AD"
"hsa-piR-10942","piRNA",402.962540082321,1.00229699120471,1.04155825294591,0.335896284752426,0.717018776203754,"up_in_AD"
"hsa-piR-14737","piRNA",89.0595872684426,-1.11823427555295,1.16269854843869,0.33617133348503,0.717018776203754,"down_in_AD"
"tRF1_chr1_64_Glu_TTC_172157538","tRF",89.335870710301,1.05742198562039,1.1004575298592,0.336605948683706,0.717018776203754,"up_in_AD"
"tRF3-Arg-CCG-2-1","tRF",25.6001060826597,1.02200339073393,1.06683504647348,0.338074378567853,0.717018776203754,"up_in_AD"
"tRF5-Arg-CCG-2-1","tRF",18.4078691713074,1.61895409776321,1.69019360065369,0.338137758503837,0.717018776203754,"up_in_AD"
"hsa-piR-2552","piRNA",46.5780293522579,0.907891587211053,0.947990187802215,0.338213320196106,0.717018776203754,"up_in_AD"
"hg38_wgRna_U19-2","other",309.747967079537,-0.953115199436475,0.99710414647779,0.339131198354049,0.717018776203754,"down_in_AD"
"tRF3-Tyr-GTA-8-1","tRF",8.45463957705859,1.25617348006101,1.3150896980611,0.339476642540246,0.717018776203754,"up_in_AD"
"hsa-piR-601","piRNA",726.263765847741,0.856953776537144,0.899985462088415,0.341002536275794,0.717018776203754,"up_in_AD"
"hsa-piR-30200","piRNA",2.02090127270167,2.71342201092913,2.85009630920085,0.341073792136569,0.717018776203754,"up_in_AD"
"hsa-piR-2980","piRNA",104.138860970099,-1.12139950282471,1.17802888528054,0.341133144165402,0.717018776203754,"down_in_AD"
"hsa-miR-423-3p","miRNA",1213.96802727845,-0.936348441440425,0.984215836549515,0.341419150966703,0.717018776203754,"down_in_AD"
"hsa-piR-27696","piRNA",5.50541205294015,1.62484092259081,1.70858322710859,0.341610831012231,0.717018776203754,"up_in_AD"
"hsa-piR-1421","piRNA",113.055891025397,1.0051486165169,1.06074394763271,0.343339054770804,0.719234702130898,"up_in_AD"
"tRF5-Glu-CTC-3-1","tRF",3.36264160350158,1.98706578064337,2.09858270124986,0.34370969449185,0.719234702130898,"up_in_AD"
"hsa-piR-1510","piRNA",16.5366866565304,1.39908229451992,1.48251867073239,0.345312828676519,0.721494531431698,"up_in_AD"
"hsa-piR-18127","piRNA",3.86252578347725,-1.69617402016459,1.80180233437617,0.346512052971507,0.721981296478645,"down_in_AD"
"tRF3-Cys-GCA-5-1","tRF",141.55799394091,-1.09767317710109,1.16622569208692,0.346592906648922,0.721981296478645,"down_in_AD"
"tRF3-Ala-AGC-8-2","tRF",6.87164871900157,1.47261889672792,1.56834595086865,0.347749715958942,0.723298428819579,"up_in_AD"
"hsa-piR-27694","piRNA",6.25908164930178,1.58209701844054,1.68752042959068,0.348487221236985,0.723740780249702,"up_in_AD"
"tRF3-Cys-GCA-21-1","tRF",136.993760860724,-1.1253106637496,1.2038259826782,0.34990245440837,0.725587194931041,"down_in_AD"
"tRF3-His-GTG-1-8","tRF",104.572480318305,0.930389257319529,0.999992937493722,0.352166177747919,0.729184923595166,"up_in_AD"
"hsa-piR-30603","piRNA",452.010560058648,-0.902546130762505,0.975409455573069,0.354810005904054,0.732662480816458,"down_in_AD"
"tRF5-Lys-TTT-13-1","tRF",11.9388624428103,1.35566256642278,1.46540567592898,0.354908293825521,0.732662480816458,"up_in_AD"
"hsa-piR-23664","piRNA",18.7235928462756,1.36566323612661,1.47819278749294,0.355552149371294,0.732894490258616,"up_in_AD"
"hg38_wgRna_HBII-135","other",1153.573002074,-1.05479354005351,1.14547930885055,0.357138356233793,0.733896192276848,"down_in_AD"
"hsa-piR-1613","piRNA",199.798672397267,0.82303901421988,0.894980781216367,0.357773247534432,0.733896192276848,"up_in_AD"
"hsa-piR-17414","piRNA",4.04072421935227,1.62013057742996,1.7650710977321,0.358679581841109,0.733896192276848,"up_in_AD"
"hsa-piR-28521","piRNA",1401.9359472596,0.937093296075843,1.02187349931529,0.359124540078474,0.733896192276848,"up_in_AD"
"hsa-piR-23626","piRNA",188.385629527495,-1.04172355670756,1.1364887615794,0.359344001361727,0.733896192276848,"down_in_AD"
"hg38_wgRna_mgU6-47","other",37.4621615450902,-1.11556721985023,1.21722492137442,0.359413071899471,0.733896192276848,"down_in_AD"
"tRF5-Thr-CGT-6-1","tRF",308.812345492665,1.01227698023886,1.10532804373752,0.359763470615772,0.733896192276848,"up_in_AD"
"tRF1_chr2_23_Gln_TTG_117782508","tRF",6.16282284139627,1.67629674172237,1.84060083623436,0.362435837156526,0.735509771237989,"up_in_AD"
"hsa-miR-18a-5p","miRNA",2.32259254776378,-2.20413839846049,2.42343622105663,0.36308121657759,0.735509771237989,"down_in_AD"
"hg38_wgRna_HBII-85-21","other",88.7631346000498,-1.03736970771913,1.14062750496513,0.363100601272584,0.735509771237989,"down_in_AD"
"tRF3-Thr-TGT-1-1","tRF",31.7356290235047,1.01294201240688,1.11465826372176,0.363483850134841,0.735509771237989,"up_in_AD"
"hsa-piR-26243","piRNA",20.2122588996136,-1.17106612854555,1.28934617779403,0.363738998744052,0.735509771237989,"down_in_AD"
"hsa-piR-5222","piRNA",3.09631334687364,1.93071809998551,2.12630015632715,0.363868889437493,0.735509771237989,"up_in_AD"
"hg38_wgRna_HBII-85-26","other",36.1915749296002,-0.958418870651754,1.05647232569482,0.364307461252061,0.735509771237989,"down_in_AD"
"hg38_wgRna_U58B","other",476.101898400676,-1.05694021513817,1.16632223700724,0.364821380367501,0.735509771237989,"down_in_AD"
"tRF5-Thr-CGT-4-1","tRF",14.4385379690065,1.04739593366726,1.15902513064827,0.366161398717343,0.736641263870623,"up_in_AD"
"hsa-piR-25441","piRNA",60.859197960898,1.06593742995409,1.18025562674325,0.366450984057467,0.736641263870623,"up_in_AD"
"tRF3-Lys-CTT-chr7-30","tRF",14.7295892960365,1.08971527437149,1.21196241996444,0.368581880602439,0.738566003666078,"up_in_AD"
"hsa-miR-17-5p","miRNA",24.0878052908374,-1.36649587704119,1.52067147305217,0.368858578625013,0.738566003666078,"down_in_AD"
"hsa-miR-548k","miRNA",1.31327989031398,-2.68489138963459,2.99042146916357,0.369275959593202,0.738566003666078,"down_in_AD"
"tRF5-Asp-GTC-1-1","tRF",100.562168638499,0.91406932244961,1.01903945319081,0.369723664894497,0.738566003666078,"up_in_AD"
"hsa-piR-24014","piRNA",13.4787840638832,1.3323379177222,1.49127865193114,0.371632387890361,0.738566003666078,"up_in_AD"
"hsa-piR-432","piRNA",86.3740162972442,1.09321423173011,1.22364315266693,0.371637998204596,0.738566003666078,"up_in_AD"
"hsa-miR-92a-3p","miRNA",987.35759629726,-0.915499933639325,1.02520074100331,0.371859433471107,0.738566003666078,"down_in_AD"
"hsa-piR-25513","piRNA",12.848564779715,1.14606764795231,1.28388710822617,0.372042205520862,0.738566003666078,"up_in_AD"
"hsa-miR-224-5p","miRNA",45.6978755988255,-1.13854931715822,1.27696011952064,0.372602468071979,0.738566003666078,"down_in_AD"
"hsa-piR-5081","piRNA",6.1992926481882,1.3808094782755,1.54919556517073,0.372764277412321,0.738566003666078,"up_in_AD"
"hsa-piR-20101","piRNA",166.245153861155,1.07006891317148,1.20219936441014,0.373416096801614,0.738795979181385,"up_in_AD"
"RNA5S17_gi|189571632|ref|NR_023379.1|","other",659753.928389687,-0.899753130236214,1.01359400632859,0.374709720576736,0.739399744436394,"down_in_AD"
"hsa-miR-532-3p","miRNA",8.11319376883428,-1.23484584703514,1.39370848226595,0.37560974348682,0.739399744436394,"down_in_AD"
"tRF3-Ile-AAT-9-1","tRF",10.8017463182691,1.52841387366311,1.72699846551312,0.376150313024943,0.739399744436394,"up_in_AD"
"hg38_wgRna_U81","other",835.915271193369,-0.90702439693802,1.02564993447413,0.376512104980009,0.739399744436394,"down_in_AD"
"hsa-piR-17300","piRNA",7.28990360654632,1.34764577713921,1.52637915279136,0.377288313007733,0.739399744436394,"up_in_AD"
"hsa-piR-15181","piRNA",40.1842700842465,1.0098666131817,1.1450545987801,0.37781059574377,0.739399744436394,"up_in_AD"
"hsa-piR-1513","piRNA",519.85256437293,1.05195313759983,1.19291874085227,0.377868018390915,0.739399744436394,"up_in_AD"
"hg38_wgRna_HBII-85-11","other",6.49355499818657,-1.28444812206422,1.45729994124726,0.378107315253145,0.739399744436394,"down_in_AD"
"hsa-piR-14647","piRNA",16.0086771331125,1.28152168048372,1.45645818329006,0.378919389964728,0.739399744436394,"up_in_AD"
"hsa-piR-6691","piRNA",6.00660760080197,1.34718185681761,1.53160739358787,0.379083117705969,0.739399744436394,"up_in_AD"
"tRF3-Pro-TGG-3-5","tRF",94.8609097150692,0.86862082732849,0.991157960669865,0.380829072456225,0.741756060617421,"up_in_AD"
"hsa-piR-28056","piRNA",15.6765249419149,1.29925694585779,1.48542226076919,0.381752514376302,0.742505948272103,"up_in_AD"
"tRF3-SeC-TCA-1-1","tRF",18.721399237429,1.04477152130217,1.19851849932652,0.383361613394856,0.744585443480995,"up_in_AD"
"hg38_wgRna_U71c","other",13.9369810909946,-1.15250234466685,1.32739394801474,0.385260559754809,0.744803419402624,"down_in_AD"
"tRF1_chr15_9_His_GTG_45490803","tRF",32.8138872550267,-0.901209929897128,1.0418241007412,0.387021886847137,0.744803419402624,"down_in_AD"
"hsa-piR-2473","piRNA",5.62489940299537,1.43068196198964,1.65461529252633,0.387224665905437,0.744803419402624,"up_in_AD"
"hsa-piR-26185","piRNA",5.79213245367832,1.4245654663965,1.64798758067935,0.387353197421943,0.744803419402624,"up_in_AD"
"hsa-piR-13578","piRNA",55.5244759009913,0.905808439359347,1.04823735982666,0.387519053533465,0.744803419402624,"up_in_AD"
"hg38_wgRna_ACA18","other",264.479225669614,-0.874082280317376,1.014229021159,0.388786889232548,0.744803419402624,"down_in_AD"
"hsa-piR-23496","piRNA",15.7540410191098,1.15948399949883,1.34719411262184,0.389422093103778,0.744803419402624,"up_in_AD"
"tRF3-Thr-TGT-2-1","tRF",53.9133229310975,0.846070965225449,0.983131160010528,0.38946494892973,0.744803419402624,"up_in_AD"
"hsa-piR-28061","piRNA",9.71692893624962,1.47576828106108,1.71608757803212,0.389810575982714,0.744803419402624,"up_in_AD"
"hsa-piR-25921","piRNA",39.3961196813868,1.04349006025312,1.21344849811887,0.389823408302736,0.744803419402624,"up_in_AD"
"hg38_wgRna_HBII-240","other",20.6320197305913,-1.11768919609568,1.30277623320565,0.390931803180254,0.744803419402624,"down_in_AD"
"tRF3-Arg-CCT-5-1","tRF",3.77301703456175,1.58770525989743,1.85062716135829,0.390932102387431,0.744803419402624,"up_in_AD"
"tRF3-Cys-GCA-22-1","tRF",8.81560201039765,1.30002517045599,1.51705330240544,0.39147749356774,0.744803419402624,"up_in_AD"
"hsa-piR-23150","piRNA",2.10163343125308,2.21347763700346,2.5834617548173,0.39156235681171,0.744803419402624,"up_in_AD"
"hsa-piR-20109","piRNA",5.64511730468483,1.42590532304122,1.66429209667487,0.391575401788907,0.744803419402624,"up_in_AD"
"hsa-piR-25705","piRNA",9.42885582740455,1.42732716422595,1.67411608249807,0.393889184184304,0.745953237889442,"up_in_AD"
"hsa-piR-29202","piRNA",2.83845140876078,2.01525924903804,2.3658761327076,0.394323708136439,0.745953237889442,"up_in_AD"
"tRF3-Arg-ACG-1-2","tRF",128.36063892117,0.852311799720222,1.00162653606598,0.394809496981073,0.745953237889442,"up_in_AD"
"hsa-piR-29642","piRNA",28.8574327396918,1.16866286864657,1.37529832795515,0.395462834154236,0.745953237889442,"up_in_AD"
"tRF3-Gly-GCC-2-6","tRF",101.010464747921,0.876932006940872,1.03319488647085,0.39601619058246,0.745953237889442,"up_in_AD"
"hg38_wgRna_ACA47","other",175.810877290229,-0.859286374497859,1.01339316708525,0.396477007391011,0.745953237889442,"down_in_AD"
"hg38_wgRna_U78","other",156.113348772681,-0.876555452772182,1.03449757692238,0.396814106955843,0.745953237889442,"down_in_AD"
"hg38_wgRna_U59B","other",225.719244237968,-0.869065133977471,1.02588380353977,0.396918217206336,0.745953237889442,"down_in_AD"
"tRF5-Met-CAT-6-1","tRF",66.7647987014794,1.28958609889303,1.52375189000008,0.39737264341115,0.745953237889442,"up_in_AD"
"hg38_wgRna_ACA2a","other",98.9978480716542,-0.947177267828544,1.11968157847276,0.397589289230413,0.745953237889442,"down_in_AD"
"hg38_wgRna_HBII-276","other",96.0662041630151,-0.954977529776071,1.13301864581184,0.399306038858162,0.746383011339245,"down_in_AD"
"hsa-piR-3185","piRNA",1248.81024747065,0.784287630825677,0.930934007103588,0.399522726703406,0.746383011339245,"up_in_AD"
"hsa-piR-24455","piRNA",12.3710749388331,1.27819929995443,1.52026124976303,0.400473387780528,0.746383011339245,"up_in_AD"
"hg38_wgRna_U36A","other",303.163395181044,-0.973108340690556,1.1580525091665,0.400741742022157,0.746383011339245,"down_in_AD"
"tRF3-Thr-TGT-6-1","tRF",9.87454334474009,1.09115668048762,1.29945278835046,0.401073949331075,0.746383011339245,"up_in_AD"
"hg38_wgRna_ACA4","other",21.9056608110737,-0.913243637570061,1.08825154624731,0.4013658829338,0.746383011339245,"down_in_AD"
"tRF5-nmt-Gln-TTG-9-1","tRF",35.9596869785503,0.929310384886749,1.10796474200229,0.40160710254802,0.746383011339245,"up_in_AD"
"tRF5-Asp-GTC-2-7","tRF",544.011249644603,0.87030629251483,1.04074093596045,0.403021471230021,0.747297981424318,"up_in_AD"
"hsa-piR-28263","piRNA",25.5633637590641,1.06491799108827,1.27713427251647,0.404374527722252,0.747297981424318,"up_in_AD"
"hsa-piR-28192","piRNA",300.974890722643,-1.02398166307062,1.22894862542977,0.404722000442782,0.747297981424318,"down_in_AD"
"tRF3-Ile-TAT-1-1","tRF",6.09583147861387,1.36319259386279,1.63685949007348,0.404952017418291,0.747297981424318,"up_in_AD"
"tRF5-Pro-TGG-3-5","tRF",350.968367316543,0.755012298694158,0.907517305596098,0.405435129748118,0.747297981424318,"up_in_AD"
"tRF3-Val-TAC-3-1","tRF",8.72524398995024,1.0958147701547,1.31911224093162,0.406131033059055,0.747297981424318,"up_in_AD"
"hg38_wgRna_U54","other",23.6865334736552,-1.05094512167703,1.26560674017804,0.406319237310972,0.747297981424318,"down_in_AD"
"tRF5-Ile-AAT-3-1","tRF",17.2367134825614,1.20392519702866,1.45154429235401,0.406872505021563,0.747297981424318,"up_in_AD"
"hsa-miR-1248","miRNA",5.3626499367733,1.48344362172686,1.79069772973722,0.407434641312529,0.747297981424318,"up_in_AD"
"tRF5-Cys-GCA-chr5-2","tRF",18.6886119427315,0.904040171451544,1.0926103649395,0.408002936118606,0.747297981424318,"up_in_AD"
"tRF5-Ala-AGC-8-2","tRF",26.699606267738,1.15884738399795,1.40073869137332,0.408060464113497,0.747297981424318,"up_in_AD"
"hg38_wgRna_ACA22","other",4.0259045825349,1.58239852827186,1.92363904813418,0.410731640348643,0.749139127857253,"up_in_AD"
"hg38_wgRna_U47","other",828.4484588589,-1.00849621020014,1.22698820654077,0.411117761168457,0.749139127857253,"down_in_AD"
"hg38_wgRna_ACA35","other",26.1245135831921,-0.932809589875282,1.13505242171694,0.411178943682803,0.749139127857253,"down_in_AD"
"hg38_wgRna_U72","other",98.9658175610008,-0.809519910856681,0.986206958969001,0.411736376660028,0.749139127857253,"down_in_AD"
"hg38_wgRna_U106","other",811.065250662751,-0.935847239435055,1.14026594974768,0.411801694268804,0.749139127857253,"down_in_AD"
"hsa-piR-23197","piRNA",57.5728053384448,0.919546761322675,1.12166049121731,0.412325306775674,0.749139127857253,"up_in_AD"
"hsa-piR-21273","piRNA",4.92227280594788,1.6762313995985,2.05881729979484,0.415546423246638,0.752439863653137,"up_in_AD"
"hsa-piR-12915","piRNA",7.70333206576313,1.33898316711152,1.64542933131529,0.415782943621748,0.752439863653137,"up_in_AD"
"hsa-piR-628","piRNA",159.865014388494,-0.991767863509859,1.2192522906933,0.415975573419446,0.752439863653137,"down_in_AD"
"hg38_wgRna_E2","other",243.464628869762,-0.837208748687162,1.03214796757901,0.417289590802051,0.752439863653137,"down_in_AD"
"hsa-piR-12488","piRNA",247.909222485622,0.920843154225991,1.13624379896528,0.417694551838053,0.752439863653137,"up_in_AD"
"hg38_wgRna_U83","other",351.582690059443,-0.931205094546603,1.1498141851642,0.418012355871493,0.752439863653137,"down_in_AD"
"hsa-piR-12655","piRNA",32.0404954205162,1.04131828792529,1.28667487829689,0.418337104944411,0.752439863653137,"up_in_AD"
"hsa-miR-124-3p","miRNA",119.829947696146,-1.22347108832431,1.51395747502793,0.419017028917226,0.752439863653137,"down_in_AD"
"hg38_wgRna_U84","other",331.156782696512,-0.885038267515399,1.09525543031104,0.419052802962733,0.752439863653137,"down_in_AD"
"hsa-piR-28734","piRNA",12.3790119713945,-1.04542429302962,1.30412071369658,0.422766128862128,0.758120275293725,"down_in_AD"
"tRF3-Ala-TGC-4-1","tRF",35.9865154866674,0.830233801726285,1.03747874371536,0.423570746929802,0.758576701319737,"up_in_AD"
"hsa-piR-26832","piRNA",274.575284230664,0.858233798650118,1.07469450285273,0.42453168777025,0.759311540123442,"up_in_AD"
"hsa-miR-3184-5p","miRNA",30.8632435762691,-0.827736975189947,1.04381477697077,0.427782367916215,0.762539049284277,"down_in_AD"
"hg38_wgRna_ACA45","other",24.8751396005885,-1.22731717258894,1.54786257020102,0.427829710313714,0.762539049284277,"down_in_AD"
"tRF3-Leu-TAG-3-1","tRF",15.9301713897295,0.994160981985354,1.25426057324138,0.427995086400312,0.762539049284277,"up_in_AD"
"tRF5-Pro-AGG-2-6","tRF",280.6991942813,0.727386163651882,0.919558134942327,0.428934041810897,0.763105135123745,"up_in_AD"
"hsa-piR-20492","piRNA",469.276515539299,0.711474425859182,0.900389363597902,0.429419568423514,0.763105135123745,"up_in_AD"
"hsa-piR-4467","piRNA",15.6413485903036,1.14100969628397,1.44593733616686,0.430045258349137,0.76323347652955,"up_in_AD"
"hsa-miR-210-3p","miRNA",3.59142804001398,1.59706402595468,2.03148807154831,0.431776823825586,0.764446239417433,"up_in_AD"
"hsa-piR-15055","piRNA",40.3419026271908,1.0315348872269,1.31257114470924,0.431932669945709,0.764446239417433,"up_in_AD"
"hsa-piR-12582","piRNA",2.95203163151798,1.81237183171894,2.31643200361176,0.433980692352793,0.764446239417433,"up_in_AD"
"tRF3-iMet-CAT-1-6","tRF",63.1880607540248,0.993371411594485,1.27416560486027,0.435611612238321,0.764446239417433,"up_in_AD"
"hg38_wgRna_U38A","other",190.315596265323,-0.731951422114868,0.939915663496634,0.436131948988674,0.764446239417433,"down_in_AD"
"hsa-miR-132-5p","miRNA",3.42588109623977,1.73228018607149,2.22447249149423,0.436134350798258,0.764446239417433,"up_in_AD"
"tRF3-Ala-TGC-1-1","tRF",29.1617549489849,0.859586276432082,1.10385223463248,0.436147626853836,0.764446239417433,"up_in_AD"
"hsa-miR-103a-2-5p","miRNA",1.23616378016149,-2.59349521842388,3.33787372949041,0.437164544835401,0.764446239417433,"down_in_AD"
"hsa-piR-28736","piRNA",11.3248611937649,-1.02736503102573,1.32248292461544,0.437249874167567,0.764446239417433,"down_in_AD"
"hg38_wgRna_HBII-95","other",187.438855637448,-0.839540061642283,1.08105174410722,0.437397379848562,0.764446239417433,"down_in_AD"
"hsa-piR-3375","piRNA",5.72513219364574,-1.43974916718628,1.85813937374892,0.438437881803383,0.764446239417433,"down_in_AD"
"hg38_wgRna_ACA62","other",62.0985781356456,-0.748013665341269,0.966802255271224,0.43910897839776,0.764446239417433,"down_in_AD"
"hg38_wgRna_U17b","other",676.395530537397,-0.748502311904557,0.967480938352009,0.439131263317934,0.764446239417433,"down_in_AD"
"hsa-miR-19b-3p","miRNA",585.362320267501,-1.12885235938642,1.46178257442064,0.439970113449825,0.764446239417433,"down_in_AD"
"tRF3-Ile-AAT-4-1","tRF",32.4158401589724,0.777412058349163,1.00752982601272,0.440350171996306,0.764446239417433,"up_in_AD"
"hsa-piR-15447","piRNA",51.3114987504684,0.999898913519577,1.29606923522695,0.440419080480865,0.764446239417433,"up_in_AD"
"hg38_wgRna_HBII-166","other",625.905989295901,-0.884682490776568,1.14793797373865,0.440901973306107,0.764446239417433,"down_in_AD"
"tRF5-Thr-TGT-3-1","tRF",2.42288207212384,1.69546562333814,2.2003314341464,0.440973643745416,0.764446239417433,"up_in_AD"
"hsa-piR-14633","piRNA",614.666031382508,0.790872044382551,1.02709629918643,0.441295333590424,0.764446239417433,"up_in_AD"
"hsa-piR-26675","piRNA",5.25251035934424,1.20719611454197,1.57066547400209,0.442137372230545,0.764446239417433,"up_in_AD"
"hsa-piR-20761","piRNA",2.27253401253578,2.09745071933691,2.73311820627827,0.442831591998239,0.764446239417433,"up_in_AD"
"hsa-miR-106b-5p","miRNA",2.36661082814707,-1.80919689813858,2.36174534090927,0.443651117056294,0.764446239417433,"down_in_AD"
"hg38_wgRna_U82","other",1103.46208385392,-0.883720415766402,1.15421005929681,0.44388485135358,0.764446239417433,"down_in_AD"
"hsa-piR-25627","piRNA",294.980825359334,0.695174861837644,0.908249524009614,0.444032949799394,0.764446239417433,"up_in_AD"
"hsa-piR-1496","piRNA",725.08521167331,0.829963551348121,1.08668701158283,0.445012757378241,0.765177796040642,"up_in_AD"
"hsa-miR-126-3p","miRNA",3.9278996060127,1.45070804584639,1.9042231155797,0.44615716272602,0.765517827548351,"up_in_AD"
"tRF5-Ile-AAT-5-4","tRF",26.0090512429588,0.932508413370108,1.22446627046343,0.4463207638498,0.765517827548351,"up_in_AD"
"hsa-piR-29204","piRNA",15.1098485878916,1.23657805653675,1.63637058940646,0.4498390515989,0.769586381485274,"up_in_AD"
"hg38_wgRna_U69","other",38.4414507159449,-0.904774681746867,1.19841792707983,0.450264429670671,0.769586381485274,"down_in_AD"
"hsa-piR-23358","piRNA",976.470769484489,0.869531171674978,1.15221574323589,0.45045299258926,0.769586381485274,"up_in_AD"
"tRF3-Phe-GAA-8-1","tRF",3.95795644165238,1.24352794318579,1.64951795972343,0.450925160435171,0.769586381485274,"up_in_AD"
"hsa-piR-28727","piRNA",17.10220706924,0.989778272135639,1.31664890755948,0.452207146195938,0.769903082623625,"up_in_AD"
"hsa-piR-25816","piRNA",10.5156825820889,1.07010013190094,1.42616486437061,0.453053509113739,0.769903082623625,"up_in_AD"
"hg38_wgRna_U70","other",240.193034338763,-0.793096582662222,1.05757727525699,0.453303894870964,0.769903082623625,"down_in_AD"
"hg38_wgRna_HBII-99","other",929.94725688588,-0.77632757494837,1.03576172376567,0.453541843202157,0.769903082623625,"down_in_AD"
"hsa-piR-28059","piRNA",22.4952505187334,0.882095469413394,1.17781508069947,0.453902252482239,0.769903082623625,"up_in_AD"
"tRF3-Val-CAC-2-1","tRF",40.8133068061544,0.795019357814177,1.06702772785028,0.456224300281187,0.772891044333854,"up_in_AD"
"hsa-piR-23020","piRNA",118.15020118133,-0.772199546962047,1.03952135029592,0.457577677172512,0.773547595300565,"down_in_AD"
"hg38_wgRna_U70B","other",63.7001809254985,-0.820953479152371,1.10553659636995,0.457733747472996,0.773547595300565,"down_in_AD"
"hg38_wgRna_HBI-100","other",208.078372946735,-0.802397948184487,1.08221336212814,0.458425761864501,0.773768819597488,"down_in_AD"
"hsa-piR-15451","piRNA",8.05325559553928,1.13607314435347,1.53623944879392,0.459593928408405,0.774792209382873,"up_in_AD"
"hsa-piR-27159","piRNA",3.02109973695232,1.56231692831982,2.11799733739753,0.460733995664312,0.775727519353909,"up_in_AD"
"hsa-piR-7335","piRNA",4.08033210789622,1.36197510945801,1.85343743159239,0.462438537841544,0.775727519353909,"up_in_AD"
"hsa-piR-25028","piRNA",3.93267841551782,1.61055416188642,2.19303490890453,0.462707952690176,0.775727519353909,"up_in_AD"
"hsa-piR-23840","piRNA",3.81322284110524,1.42383522937723,1.94061987805314,0.463130836806644,0.775727519353909,"up_in_AD"
"hsa-piR-12547","piRNA",670.98768694169,0.853168451063554,1.16373901562007,0.463480995945371,0.775727519353909,"up_in_AD"
"tRF3-Ala-CGC-3-1","tRF",9.45500980726807,0.92959309724389,1.27078935750731,0.464468671975367,0.775727519353909,"up_in_AD"
"hsa-miR-3916","miRNA",9.9671645397668,1.09239239440071,1.49389659553125,0.464634432662255,0.775727519353909,"up_in_AD"
"hsa-piR-5278","piRNA",9.5235334383683,1.00084417519156,1.36889366290581,0.464697542465269,0.775727519353909,"up_in_AD"
"hg38_wgRna_U42B","other",350.002729826748,-0.872357294916642,1.19463836885369,0.465251388693064,0.775727519353909,"down_in_AD"
"tRF5-Thr-TGT-5-1","tRF",8.40832390504875,1.09733947716241,1.50449866823371,0.465774029024682,0.775727519353909,"up_in_AD"
"tRF1_chr5_23_Pseudo_TTG_77318775","tRF",2.97650392583768,1.83837013044934,2.53760635218877,0.468789220654435,0.7763598581372,"up_in_AD"
"hsa-piR-18626","piRNA",2.19517383100711,1.82560540495519,2.52434960586726,0.469558048174702,0.7763598581372,"up_in_AD"
"hsa-piR-30778","piRNA",50.3429310379978,-0.810139494204728,1.1204168458468,0.469637051758247,0.7763598581372,"down_in_AD"
"hsa-piR-28277","piRNA",24.3822718205675,0.791714198829177,1.09580766587507,0.469990961508332,0.7763598581372,"up_in_AD"
"hsa-miR-18a-3p","miRNA",7.39121012122496,-1.10563125753254,1.53099811787779,0.470193841402334,0.7763598581372,"down_in_AD"
"hsa-miR-744-5p","miRNA",152.248620457505,-0.781200812061994,1.08245757505924,0.470483952703676,0.7763598581372,"down_in_AD"
"tRF5-Gly-GCC-1-5","tRF",838.960076399651,0.813313094748795,1.12838920546891,0.471048850797403,0.7763598581372,"up_in_AD"
"hsa-piR-23408","piRNA",5.49121606727309,1.20410202248377,1.67136022422619,0.471258820168471,0.7763598581372,"up_in_AD"
"hsa-miR-34a-3p","miRNA",1.91813377445437,-2.10019408418299,2.91629018513069,0.471426796095734,0.7763598581372,"down_in_AD"
"hsa-miR-1246","miRNA",11.2231811523327,0.889193529148142,1.23649837302419,0.472065580739969,0.7763598581372,"up_in_AD"
"tRF5-Ile-TAT-3-1","tRF",3.17341111027153,1.35663987814301,1.88771886881577,0.47234657068681,0.7763598581372,"up_in_AD"
"hg38_wgRna_U66","other",116.783631489923,-0.648838514548417,0.90535320120886,0.473578398276724,0.777457870504288,"down_in_AD"
"hsa-piR-1974","piRNA",6.05715750443989,1.21326027823716,1.69657455062403,0.474532753195932,0.778098295668478,"up_in_AD"
"hg38_wgRna_ACA17","other",548.636479994231,-0.812451644104469,1.14383044785094,0.477524148827079,0.778190694440587,"down_in_AD"
"hsa-piR-17241","piRNA",17.8383221640385,-0.976630630063889,1.37682732912016,0.478117146966304,0.778190694440587,"down_in_AD"
"tRF5-Glu-TTC-2-2","tRF",1315.89770629986,0.884488640672793,1.24757430193251,0.478345139355416,0.778190694440587,"up_in_AD"
"hsa-piR-10667","piRNA",12.1522547469073,0.995333987882552,1.40532567175232,0.478784683627362,0.778190694440587,"up_in_AD"
"hsa-piR-28700","piRNA",8.9274643856608,0.913472801627231,1.29275606042461,0.479809622073876,0.778190694440587,"up_in_AD"
"hg38_wgRna_U14B","other",217.785303610448,-0.69876055183436,0.990492716176464,0.48051926773979,0.778190694440587,"down_in_AD"
"hsa-piR-11298","piRNA",4.05044652321807,1.50618793873554,2.1360154950483,0.480723706552436,0.778190694440587,"up_in_AD"
"tRF3-nm-Tyr-GTA-chr21-2","tRF",310.611784610256,-0.705202283083012,1.00194334022912,0.481535850084761,0.778190694440587,"down_in_AD"
"hsa-miR-423-5p","miRNA",363.01945693604,-0.808417591754216,1.14971041689312,0.481962973176404,0.778190694440587,"down_in_AD"
"hsa-piR-5301","piRNA",4.35027641292309,1.26471994217148,1.8056271955693,0.483657255534887,0.778190694440587,"up_in_AD"
"hsa-miR-3613-5p","miRNA",1.37840418218145,-2.25586685753516,3.22531783329525,0.484286675606683,0.778190694440587,"down_in_AD"
"hsa-piR-23127","piRNA",68319.1177870087,-0.708600202402098,1.01357437434094,0.484483152949727,0.778190694440587,"down_in_AD"
"tRF3-Arg-TCT-3-2","tRF",5.07614304403765,1.02835781481341,1.47316099913136,0.485138378188617,0.778190694440587,"up_in_AD"
"tRF3-Ile-AAT-6-1","tRF",9.70720237673164,0.961317376759128,1.37804503623905,0.485430486821964,0.778190694440587,"up_in_AD"
"tRF3-Leu-CAA-4-1","tRF",37.6693157504487,0.759627413702288,1.08928356611832,0.48557487054527,0.778190694440587,"up_in_AD"
"hsa-piR-24828","piRNA",2893.18995525271,0.59783200952145,0.85882080665885,0.486361214773871,0.778190694440587,"up_in_AD"
"hsa-piR-12055","piRNA",143.805610758141,-0.847230718282228,1.22179510053698,0.488039051927471,0.778190694440587,"down_in_AD"
"hg38_wgRna_ACA8","other",300.240816305679,-0.741488758483656,1.0698004148871,0.488240878621228,0.778190694440587,"down_in_AD"
"tRF3-Ala-TGC-3-1","tRF",96.0959405231608,0.691419081665242,0.997613425676962,0.488263645234265,0.778190694440587,"up_in_AD"
"hsa-piR-3003","piRNA",2.06459748210424,1.94068732603182,2.80662767999498,0.489272804945033,0.778190694440587,"up_in_AD"
"hsa-piR-9570","piRNA",2.97501610229152,1.34521836910648,1.94766387819753,0.489764762434555,0.778190694440587,"up_in_AD"
"hsa-piR-26626","piRNA",583.558209731882,0.747727728801177,1.08390363705491,0.490290375736338,0.778190694440587,"up_in_AD"
"hg38_wgRna_HBII-251","other",621.793067444576,-0.793990634233123,1.15172717892513,0.490577091176012,0.778190694440587,"down_in_AD"
"hsa-miR-330-3p","miRNA",15.7513071288236,-0.897254682690986,1.30569969821588,0.491967393073566,0.778190694440587,"down_in_AD"
"hg38_wgRna_ACA37","other",83.0933540391965,-0.685744137585093,1.00419947994596,0.494684940308658,0.778190694440587,"down_in_AD"
"hsa-miR-642a-5p","miRNA",13.6544903006815,-0.989211622040583,1.45096596641481,0.495390256941225,0.778190694440587,"down_in_AD"
"hg38_wgRna_U13","other",3219.15388223889,-0.792302191850062,1.16573228518381,0.496719450110187,0.778190694440587,"down_in_AD"
"hsa-piR-10349","piRNA",14.3064353923436,0.966299354829977,1.42515854805615,0.497753070421044,0.778190694440587,"up_in_AD"
"hsa-piR-3501","piRNA",10.3676999638925,0.935998256848379,1.38209184572322,0.498258110223014,0.778190694440587,"up_in_AD"
"tRF3-Val-CAC-chr1-93","tRF",157.121339579634,0.691936661142968,1.02351788641935,0.499016719790077,0.778190694440587,"up_in_AD"
"tRF5-Ala-TGC-5-1","tRF",24.1050301673163,0.764952952154878,1.13166133877247,0.499068760708691,0.778190694440587,"up_in_AD"
"tRF5-Trp-CCA-5-1","tRF",6.84044457316169,1.04774331380933,1.55363076589507,0.500067382707267,0.778190694440587,"up_in_AD"
"hsa-piR-26649","piRNA",9.27689999291767,1.15569449620435,1.71472442829464,0.500322350906926,0.778190694440587,"up_in_AD"
"hg38_wgRna_U67","other",102.630003023288,-0.70619412835924,1.04810453259433,0.500449823030327,0.778190694440587,"down_in_AD"
"hsa-piR-786","piRNA",128.67344114332,-0.836637710386192,1.24224503954268,0.500636581944339,0.778190694440587,"down_in_AD"
"hsa-miR-1972","miRNA",4.16459909751671,1.31992255364103,1.9634755673752,0.501432301571031,0.778190694440587,"up_in_AD"
"hsa-piR-12653","piRNA",4.17330015610882,1.30478330685401,1.94488452285323,0.502297247457608,0.778190694440587,"up_in_AD"
"tRF5-Cys-GCA-4-1","tRF",31.0657828749469,0.71710860701666,1.07051294809943,0.502938224667234,0.778190694440587,"up_in_AD"
"hsa-miR-23b-3p","miRNA",238.542046148783,-0.779962322700052,1.17052112612876,0.505195291256016,0.778190694440587,"down_in_AD"
"hg38_wgRna_ACA14b","other",57.790708590398,-0.640791794253758,0.961938705765974,0.50531766962526,0.778190694440587,"down_in_AD"
"hg38_wgRna_ACA34","other",124.680472494373,-0.706023629507856,1.05999726770369,0.505371635240419,0.778190694440587,"down_in_AD"
"hg38_wgRna_U92","other",120.585186338126,-0.83585649647426,1.2552404734656,0.505479163120984,0.778190694440587,"down_in_AD"
"hsa-piR-13579","piRNA",55.6117124496389,0.786645271341671,1.1828087112406,0.5060085974566,0.778190694440587,"up_in_AD"
"tRF5-Met-CAT-3-2","tRF",3.65542970827576,1.47752030245849,2.22508241182362,0.506671447318078,0.778190694440587,"up_in_AD"
"hsa-piR-1138","piRNA",5.31685865452586,1.17745531187214,1.77375315485845,0.5068046239442,0.778190694440587,"up_in_AD"
"tRF3-Arg-TCG-5-1","tRF",16.5119282706008,0.751219990019018,1.13411324750327,0.507724296018903,0.778190694440587,"up_in_AD"
"hsa-piR-28276","piRNA",22.4003307443177,0.710195586606594,1.07227090945096,0.507760713443156,0.778190694440587,"up_in_AD"
"hsa-piR-900","piRNA",294.679631221681,0.703928993067769,1.06416793573527,0.508302616594341,0.778190694440587,"up_in_AD"
"tRF1_chr17_21_Arg_CCT_73030525","tRF",17.3067308898997,-0.78964792116401,1.19501843178827,0.508751456028836,0.778190694440587,"down_in_AD"
"tRF5-Ile-AAT-1-1","tRF",24.203134824613,0.8393755457474,1.27186545600288,0.509281910931979,0.778190694440587,"up_in_AD"
"hg38_wgRna_U58A","other",349.824213408897,-0.782514681272107,1.18653134663428,0.509576229474102,0.778190694440587,"down_in_AD"
"tRF3-Glu-TTC-5-1","tRF",14.1605068917978,0.876453908051188,1.32965842526259,0.509794835725355,0.778190694440587,"up_in_AD"
"hsa-miR-130b-3p","miRNA",12.5579749541082,-0.967231169025496,1.46999223808704,0.510548501462084,0.778190694440587,"down_in_AD"
"hsa-piR-20363","piRNA",16.9359168087801,0.96153040768207,1.46145743700076,0.51058587538093,0.778190694440587,"up_in_AD"
"hg38_wgRna_U80","other",2579.55226005095,-0.681386827105053,1.0360050436145,0.510727007925537,0.778190694440587,"down_in_AD"
"hsa-piR-21168","piRNA",5.39613118258216,1.03086205894738,1.56788138243852,0.51086764993053,0.778190694440587,"up_in_AD"
"hsa-piR-14992","piRNA",2094.61116751542,0.689347923545102,1.04922205588654,0.511175380874809,0.778190694440587,"up_in_AD"
"hsa-piR-27080","piRNA",9891.7218259939,0.696915090749859,1.06121646008358,0.511365203840372,0.778190694440587,"up_in_AD"
"hsa-piR-24116","piRNA",2.77637132874811,1.55484439595034,2.36922441474729,0.511652184340844,0.778190694440587,"up_in_AD"
"hsa-piR-3102","piRNA",3.01716161757266,1.29223082765097,1.97077743837607,0.512019761204938,0.778190694440587,"up_in_AD"
"hsa-miR-186-5p","miRNA",13.5158495551358,-1.0333749236385,1.57817925087492,0.512603405699768,0.778190694440587,"down_in_AD"
"hg38_wgRna_HBII-438A","other",8.56815362263465,-0.869589128931098,1.33212611155576,0.513896257605932,0.778190694440587,"down_in_AD"
"hsa-miR-106a-5p","miRNA",6.7956071671328,1.0401545406067,1.59568043128794,0.514493797888422,0.778190694440587,"up_in_AD"
"hsa-piR-11689","piRNA",5.5302450652821,1.01932167549605,1.56418885644647,0.514619556433687,0.778190694440587,"up_in_AD"
"hsa-piR-6245","piRNA",3.72153481918514,1.29982279957394,1.99639455618193,0.514991537988216,0.778190694440587,"up_in_AD"
"hsa-piR-26029","piRNA",8.25866952472,1.02646409255742,1.57773468452976,0.515308861049612,0.778190694440587,"up_in_AD"
"tRF5-Asp-GTC-4-1","tRF",12.6818309615738,-0.807945992572907,1.24334023727221,0.515809205311502,0.778190694440587,"down_in_AD"
"hsa-piR-5085","piRNA",6.61453058254525,1.16403374069529,1.79672536593718,0.517072895780429,0.778190694440587,"up_in_AD"
"hsa-piR-8638","piRNA",2.20683788412419,1.77726770911023,2.74722787775341,0.517676405692052,0.778190694440587,"up_in_AD"
"hsa-piR-2553","piRNA",48.8117774088633,0.61164468560224,0.945611505129637,0.517745536310865,0.778190694440587,"up_in_AD"
"tRF3-Gly-CCC-7-1","tRF",689.817891382425,0.627569536791178,0.97178998127159,0.518417174805788,0.778190694440587,"up_in_AD"
"hg38_wgRna_U17a","other",2415.96843235235,-0.606771072280022,0.940476494879425,0.518814371062821,0.778190694440587,"down_in_AD"
"tRF5-Asn-ATT-1-2","tRF",3.70084194230801,1.40804344308381,2.18361386901563,0.51904219285422,0.778190694440587,"up_in_AD"
"hsa-piR-29205","piRNA",15.6092533292445,0.907022372104519,1.40737329379313,0.519264945049065,0.778190694440587,"up_in_AD"
"hsa-miR-3184-3p","miRNA",338.817483772737,-0.737451257388629,1.14547239628105,0.519707325641259,0.778190694440587,"down_in_AD"
"hsa-miR-339-3p","miRNA",2.30140853667505,-1.6233169468435,2.52321205481975,0.519994841318846,0.778190694440587,"down_in_AD"
"hsa-piR-26910","piRNA",2.7031990321625,1.39245184334643,2.16723669872921,0.520547911125181,0.778190694440587,"up_in_AD"
"hsa-miR-191-3p","miRNA",1.75041817959563,-1.60030521405721,2.49431342261481,0.521144982689321,0.778190694440587,"down_in_AD"
"hsa-piR-1738","piRNA",3.52226444165616,-1.28354678565332,2.00293369862225,0.521630938703727,0.778190694440587,"down_in_AD"
"hsa-miR-652-3p","miRNA",67.2961325059979,-0.676587377908047,1.05839263461048,0.522654234198714,0.778190694440587,"down_in_AD"
"hsa-piR-6855","piRNA",13.3900441942782,0.98950725907951,1.54791245154867,0.522658534664565,0.778190694440587,"up_in_AD"
"hsa-piR-866","piRNA",3603.61117635247,0.769878501946455,1.20683351590315,0.523517523431139,0.778190694440587,"up_in_AD"
"tRF5-Ile-AAT-chr6-79","tRF",26.1454006212044,0.787470905007938,1.23611730669604,0.524091024218531,0.778190694440587,"up_in_AD"
"hsa-piR-3923","piRNA",64.8037342377185,0.761967771117533,1.19623385968709,0.524142920400391,0.778190694440587,"up_in_AD"
"hsa-piR-24122","piRNA",19.9336515927218,-0.92256266919981,1.44894881489715,0.524312648387537,0.778190694440587,"down_in_AD"
"tRF3-Arg-TCT-2-1","tRF",6.90117750065442,0.895237628880458,1.40704228950894,0.524610259332115,0.778190694440587,"up_in_AD"
"hg38_wgRna_U23","other",306.471693811597,-0.641591573454608,1.00892549949587,0.524831363748833,0.778190694440587,"down_in_AD"
"tRF3-Met-CAT-3-2","tRF",45.1297379241119,0.679321219641537,1.07025856867634,0.525606963092579,0.778190694440587,"up_in_AD"
"hsa-miR-766-3p","miRNA",85.369934309684,-0.764754304867404,1.20716746814952,0.526399764634026,0.778190694440587,"down_in_AD"
"hsa-piR-7096","piRNA",18.9473712323606,0.84782368204492,1.33843934393379,0.526445051431384,0.778190694440587,"up_in_AD"
"hg38_wgRna_HBII-429","other",574.403007924509,-0.623530771935745,0.984446605210083,0.526484208484105,0.778190694440587,"down_in_AD"
"hsa-piR-28738","piRNA",14.8500925363136,-0.809360560547785,1.27808121798064,0.526562414620008,0.778190694440587,"down_in_AD"
"hsa-piR-23662","piRNA",3.59946788271235,-1.21383289926383,1.91915082782921,0.52707041958485,0.778190694440587,"down_in_AD"
"hsa-piR-414","piRNA",2298.89468116543,0.718282655070848,1.1385459170967,0.528120823740059,0.778735583509698,"up_in_AD"
"hsa-piR-7480","piRNA",10.0763409409021,-1.06029098657117,1.68248849000279,0.528568894971049,0.778735583509698,"down_in_AD"
"tRF3-Val-AAC-5-1","tRF",43.1916227153114,0.652238898005598,1.03681506774738,0.529297140942552,0.778811390106183,"up_in_AD"
"hsa-piR-12390","piRNA",1928.80223039954,0.719230353920703,1.14603088928482,0.530276661899376,0.778811390106183,"up_in_AD"
"hsa-miR-501-3p","miRNA",87.6249983410273,-0.703640966166041,1.12129412396475,0.530314644894638,0.778811390106183,"down_in_AD"
"hsa-piR-3282","piRNA",8.53583453817029,1.21777418983192,1.9455070347309,0.531353111151927,0.779506319445221,"up_in_AD"
"tRF5-Ala-TGC-6-1","tRF",34.9025310240478,0.636614684303782,1.01928879057864,0.532254934702108,0.779999527050167,"up_in_AD"
"hsa-miR-140-3p","miRNA",6.10425314075359,-0.901187835745408,1.45091230116526,0.534521946409462,0.782258223134552,"down_in_AD"
"hsa-piR-10094","piRNA",3.15545820602574,1.42852341880368,2.30222522303361,0.534930750120292,0.782258223134552,"up_in_AD"
"hsa-piR-21875","piRNA",5.74776774552876,1.08063143120041,1.75082535834682,0.537094521152744,0.783505408558704,"up_in_AD"
"hg38_wgRna_ACA53","other",565.263930802476,-0.552916264096579,0.899615030446348,0.538809466980262,0.783505408558704,"down_in_AD"
"hg38_wgRna_U27","other",2491.74724191706,-0.7734938270644,1.25961052170477,0.539166556628421,0.783505408558704,"down_in_AD"
"hsa-piR-31039","piRNA",66.2054089243264,0.734896363756822,1.19857857045683,0.539783829235882,0.783505408558704,"up_in_AD"
"hsa-piR-20791","piRNA",68.9952248520357,0.813875356575624,1.32887937773547,0.540238485748729,0.783505408558704,"up_in_AD"
"hsa-piR-12926","piRNA",4.04369561079242,1.08666499382634,1.77468298507886,0.540329374015674,0.783505408558704,"up_in_AD"
"tRF5-Tyr-GTA-2-1","tRF",21.7079125384295,0.726434839574114,1.18663387915069,0.5404179413329,0.783505408558704,"up_in_AD"
"tRF3-Thr-AGT-5-1","tRF",204.084205114684,-0.780288262074328,1.27769507722235,0.541398269047381,0.783505408558704,"down_in_AD"
"hsa-piR-28265","piRNA",24.9019528006479,0.683294847907618,1.12121953592711,0.542245352674175,0.783505408558704,"up_in_AD"
"hsa-piR-30374","piRNA",6.48856094737967,1.01992751534078,1.67371524976973,0.542273020436712,0.783505408558704,"up_in_AD"
"hsa-miR-99a-5p","miRNA",479.059361538537,0.847692316937973,1.39314329843385,0.542872744480394,0.783505408558704,"up_in_AD"
"hsa-piR-8055","piRNA",265.506846055997,0.571633804262604,0.939473123958265,0.542881025142721,0.783505408558704,"up_in_AD"
"tRF3-Ala-AGC-3-1","tRF",16.4388560802094,0.718896646464687,1.18264318733191,0.543271829209803,0.783505408558704,"up_in_AD"
"hsa-piR-7860","piRNA",3.18008971727984,1.27791526323179,2.10562414293502,0.5439135049835,0.783505408558704,"up_in_AD"
"hg38_wgRna_ACA38","other",21.7044738077556,-0.62938932886165,1.03908155990158,0.544702716551028,0.783505408558704,"down_in_AD"
"hsa-piR-28264","piRNA",24.4765660945406,0.683442493657249,1.128801350044,0.544874319657576,0.783505408558704,"up_in_AD"
"tRF3-Val-CAC-6-1","tRF",4.64353926661889,0.999268884932046,1.65385988668747,0.545707971249678,0.783886762868027,"up_in_AD"
"hsa-piR-24083","piRNA",32.8870649878905,-0.756095393660638,1.26089364241162,0.548739241783273,0.784196235435406,"down_in_AD"
"hsa-miR-374a-3p","miRNA",1.41125224638724,-1.91609741539055,3.19542575868121,0.548747786602625,0.784196235435406,"down_in_AD"
"tRF5-Val-AAC-2-1","tRF",124.49903273438,0.71373452448632,1.19073565220159,0.548901936023,0.784196235435406,"up_in_AD"
"hg38_wgRna_ACA7","other",341.175491119143,-0.646572620093891,1.07915255420287,0.549073870585721,0.784196235435406,"down_in_AD"
"hsa-piR-23839","piRNA",2.49994422361357,1.35924548964377,2.26956079707738,0.549237947023422,0.784196235435406,"up_in_AD"
"hsa-miR-502-3p","miRNA",71.7841234246224,-0.62646404597586,1.04674309695129,0.549513813338646,0.784196235435406,"down_in_AD"
"hg38_wgRna_ACA52","other",231.527230575868,-0.575086832749653,0.963162707171893,0.550452830906692,0.784196235435406,"down_in_AD"
"hsa-piR-19240","piRNA",2.73679069887125,1.32966638995194,2.22813147610894,0.550665634340401,0.784196235435406,"up_in_AD"
"hg38_wgRna_ACA65","other",6.0376498416418,-0.900624253369256,1.5124682184131,0.551531642662846,0.784196235435406,"down_in_AD"
"hg38_wgRna_ACA44","other",1188.71701427675,-0.563147955782947,0.94591210059906,0.55161011484579,0.784196235435406,"down_in_AD"
"hsa-piR-18611","piRNA",121.989545005764,-0.613420264583405,1.03381315708662,0.552942265398098,0.784415809913561,"down_in_AD"
"hsa-piR-23590","piRNA",12.573920333732,-0.789465847580508,1.33274325932487,0.553608515650184,0.784415809913561,"down_in_AD"
"tRF5-Pro-AGG-3-1","tRF",3.57410984288757,1.09119868342742,1.85586553131282,0.556550466674903,0.784415809913561,"up_in_AD"
"tRF5-SeC-TCA-2-1","tRF",51.9278084660673,0.752505867117228,1.2805312417827,0.556766360515626,0.784415809913561,"up_in_AD"
"hsa-piR-25111","piRNA",27.6968122391247,-0.778647219928518,1.32790361074427,0.557624683988422,0.784415809913561,"down_in_AD"
"hg38_wgRna_ACA15","other",5.64577162344882,-0.944910360454946,1.61329031565727,0.558074541666762,0.784415809913561,"down_in_AD"
"hg38_wgRna_ACA56","other",3.71131000136269,-1.05003513416789,1.79285773402943,0.558092744832772,0.784415809913561,"down_in_AD"
"hsa-piR-6069","piRNA",7.71681128820765,0.958355203412579,1.63637429786905,0.558105566986633,0.784415809913561,"up_in_AD"
"hg38_wgRna_ACA13","other",22.2649432940675,-0.633276206306593,1.08185545463583,0.558304872552095,0.784415809913561,"down_in_AD"
"hsa-miR-1307-3p","miRNA",18.0744998097255,-0.66610585633564,1.14407517598077,0.560417086315429,0.784415809913561,"down_in_AD"
"hsa-piR-28255","piRNA",555.213006133654,0.549734255181812,0.944683398641001,0.560617650575571,0.784415809913561,"up_in_AD"
"hsa-piR-5079","piRNA",10.5519983511363,0.870344514428569,1.49574996278559,0.560648627056348,0.784415809913561,"up_in_AD"
"hg38_wgRna_ACA9","other",44.9163929658675,-0.652758051396217,1.12355857653148,0.561258138252566,0.784415809913561,"down_in_AD"
"hg38_wgRna_U57","other",146.229061472186,-0.625763482130668,1.07816884829434,0.561648480374469,0.784415809913561,"down_in_AD"
"hsa-piR-18200","piRNA",13.076496285553,0.802511899290947,1.38869271273082,0.563338257056805,0.784415809913561,"up_in_AD"
"hsa-piR-20111","piRNA",85.9410090848823,0.63200675095528,1.09734399337553,0.564654227518685,0.784415809913561,"up_in_AD"
"hsa-piR-29772","piRNA",32.9961796889716,0.698835004291635,1.21414444725388,0.564900359265967,0.784415809913561,"up_in_AD"
"hg38_wgRna_ACA12","other",52.5547937413963,-0.8915626072115,1.55092379009501,0.565386613388353,0.784415809913561,"down_in_AD"
"hsa-piR-10775","piRNA",4.42122383108244,-1.18366354143474,2.05940833851963,0.565454277891535,0.784415809913561,"down_in_AD"
"hsa-piR-6856","piRNA",14.4249513502667,0.710202372238393,1.23691963468654,0.565852644725674,0.784415809913561,"up_in_AD"
"hsa-piR-2086","piRNA",5.43277038241393,1.15747911612843,2.0227290440921,0.567161854030196,0.784415809913561,"up_in_AD"
"hsa-piR-18246","piRNA",74.9862685169428,0.675017867786113,1.18363908767985,0.568480831767256,0.784415809913561,"up_in_AD"
"hg38_wgRna_U86","other",9.1072983143417,-0.772341962819488,1.3543627092643,0.568499822200533,0.784415809913561,"down_in_AD"
"hg38_wgRna_U71d","other",329.815316082356,-0.622642266776949,1.09238431998626,0.568688126339066,0.784415809913561,"down_in_AD"
"hsa-piR-30981","piRNA",3.30886882422319,1.29096389552981,2.27208736045994,0.569909971653022,0.784415809913561,"up_in_AD"
"hsa-piR-6302","piRNA",10.1462000372847,0.85086308639022,1.50009214511164,0.570573407367564,0.784415809913561,"up_in_AD"
"hsa-piR-1937","piRNA",114.806376902095,-0.677471197633631,1.19574092168837,0.571006212131411,0.784415809913561,"down_in_AD"
"hsa-miR-10395-3p","miRNA",98.1395824289053,-0.76099968018428,1.34470740832034,0.571446717319208,0.784415809913561,"down_in_AD"
"hsa-miR-374b-5p","miRNA",3.26579076300504,-1.22945778821947,2.17328914502128,0.571588938364362,0.784415809913561,"down_in_AD"
"hsa-piR-27572","piRNA",103.901183395882,0.514758930738082,0.913533509818273,0.573107278871043,0.784415809913561,"up_in_AD"
"hsa-miR-149-5p","miRNA",11.1507702628948,0.944444749882805,1.6760987881354,0.573109454212134,0.784415809913561,"up_in_AD"
"tRF3-Tyr-GTA-6-1","tRF",16.039931262762,0.641846373586543,1.13936991057195,0.573207132937136,0.784415809913561,"up_in_AD"
"hg38_wgRna_U44","other",1643.06345285927,-0.716357327031472,1.27620817788659,0.574581464548109,0.784415809913561,"down_in_AD"
"tRF5-Val-CAC-2-1","tRF",282.789735435172,0.663759369007147,1.18388273450891,0.575027223869382,0.784415809913561,"up_in_AD"
"hsa-piR-6857","piRNA",21.0805159865958,0.708730769338614,1.26921883217318,0.576571824996078,0.784415809913561,"up_in_AD"
"tRF3-Arg-CCT-1-1","tRF",23.7283885064931,0.659692759541331,1.18170275742982,0.576669525223951,0.784415809913561,"up_in_AD"
"hg38_wgRna_U71a","other",36.7647057521813,-0.616101911403009,1.10615792349034,0.57754475604836,0.784415809913561,"down_in_AD"
"hsa-piR-28117","piRNA",46.8047490387125,0.66575305924427,1.19539190741974,0.577573287939511,0.784415809913561,"up_in_AD"
"hsa-piR-19701","piRNA",3.20850582516641,1.081973692127,1.94317261310855,0.577658745478075,0.784415809913561,"up_in_AD"
"hg38_wgRna_U26","other",1553.27423383642,-0.685840587019956,1.23267439983841,0.577948222590838,0.784415809913561,"down_in_AD"
"hsa-piR-7702","piRNA",2.49526250173095,1.22927970712546,2.21108217255815,0.578236201614958,0.784415809913561,"up_in_AD"
"hsa-piR-8871","piRNA",1073.06425641642,0.587977050755993,1.05824494820021,0.578473891573084,0.784415809913561,"up_in_AD"
"hsa-miR-331-3p","miRNA",5.86239717844534,-0.909298205767599,1.63994444457918,0.579257978372774,0.784415809913561,"down_in_AD"
"hsa-miR-542-5p","miRNA",4.22974130881982,-1.11536259397279,2.01230470909697,0.579393240840429,0.784415809913561,"down_in_AD"
"hsa-piR-22112","piRNA",2.03199918346183,1.43324385959072,2.58740376283405,0.579625881804345,0.784415809913561,"up_in_AD"
"hg38_wgRna_U28","other",480.313836252978,-0.648968434595961,1.17253803952983,0.579939395678418,0.784415809913561,"down_in_AD"
"hsa-piR-28278","piRNA",28.3748826030208,0.58758022124432,1.06316930890238,0.580490404939106,0.784415809913561,"up_in_AD"
"hg38_wgRna_ACA10","other",106.479272721818,-0.587444334029551,1.06571133458661,0.581480985585585,0.784415809913561,"down_in_AD"
"tRF3-Ala-AGC-2-2","tRF",118.275666272975,0.508709064398096,0.924453671738699,0.582126822078219,0.784415809913561,"up_in_AD"
"hsa-miR-340-3p","miRNA",5.48056001383067,-1.15656961672446,2.10443333745556,0.582602543026174,0.784415809913561,"down_in_AD"
"hsa-piR-30516","piRNA",5.66887843435855,1.10716501993396,2.02188052308102,0.583972280600915,0.784415809913561,"up_in_AD"
"hg38_wgRna_U77","other",90.2230166008503,-0.65268281280689,1.19264936546489,0.584203851957462,0.784415809913561,"down_in_AD"
"hg38_wgRna_ACA67","other",6.08213086403206,-0.899438961295478,1.64547999456264,0.584645385533764,0.784415809913561,"down_in_AD"
"hsa-piR-28931","piRNA",1.90092899761938,1.43622299513036,2.62822619881422,0.584749120827505,0.784415809913561,"up_in_AD"
"hg38_wgRna_U105B","other",966.832174568964,-0.666422226617892,1.22086161271119,0.585160651786901,0.784415809913561,"down_in_AD"
"hg38_wgRna_ACA40","other",37.114150410953,-0.625427819904236,1.14802450699015,0.58590062413948,0.784415809913561,"down_in_AD"
"tRF3-Arg-ACG-2-4","tRF",97.5514607295156,0.575132580573014,1.05601708343299,0.58601192822085,0.784415809913561,"up_in_AD"
"hsa-piR-31040","piRNA",75.6397860722717,0.617713418115162,1.13480005305158,0.586209734605036,0.784415809913561,"up_in_AD"
"tRF3-Cys-GCA-12-1","tRF",18.0911192372833,0.647602395997304,1.19258298668292,0.587112578288507,0.784415809913561,"up_in_AD"
"hsa-piR-29546","piRNA",2.97769391056622,-1.20934865723915,2.22867420783386,0.587383599070553,0.784415809913561,"down_in_AD"
"tRF3-Trp-CCA-4-1","tRF",165.162378319649,-0.657817259925624,1.21268442855779,0.587510478805656,0.784415809913561,"down_in_AD"
"hsa-piR-2958","piRNA",174.158743732621,-0.645413098113486,1.18995350152087,0.587553213475882,0.784415809913561,"down_in_AD"
"hsa-piR-9198","piRNA",3.59753751320614,1.1915347750221,2.19712257884387,0.587600820624154,0.784415809913561,"up_in_AD"
"hsa-piR-8826","piRNA",2.84568919974584,1.07348309551461,1.99098707932721,0.58976866034151,0.786159540508372,"up_in_AD"
"tRF1_chr12_10_Asp_GTC_125424192","tRF",6.2308417628769,-1.02309037731666,1.89947672783491,0.59015118380265,0.786159540508372,"down_in_AD"
"hg38_wgRna_U59A","other",660.768074709539,-0.63075011956789,1.17333948709402,0.590875116538861,0.786159540508372,"down_in_AD"
"hsa-piR-1961","piRNA",324.631206139647,0.55757367284632,1.0380877855845,0.591187413710792,0.786159540508372,"up_in_AD"
"hsa-piR-12319","piRNA",877.078114939729,0.508368909410526,0.949364344994319,0.592315588106496,0.786900959536472,"up_in_AD"
"hsa-piR-28191","piRNA",33.7454866054277,-0.664151760712836,1.24565212200307,0.593911784011692,0.787358309224902,"down_in_AD"
"tRF3-Thr-TGT-5-1","tRF",38.1657821095688,0.600200967282856,1.12591064090851,0.593977881593458,0.787358309224902,"up_in_AD"
"tRF3-SeC-TCA-2-1","tRF",88.4446156456563,0.678172380205473,1.27353894933773,0.594372733794868,0.787358309224902,"up_in_AD"
"hg38_wgRna_mgU2-25/61","other",186.28328247472,-0.492784844720258,0.928903581593208,0.595764193672654,0.78844416801784,"down_in_AD"
"hsa-piR-11004","piRNA",16.2291768149192,0.732678704363836,1.38780928622981,0.597541646050948,0.790038283704944,"up_in_AD"
"hsa-piR-1155","piRNA",14.809991063807,0.866910022513932,1.64983176520698,0.599267908497933,0.791350603515648,"up_in_AD"
"hg38_wgRna_ACA43","other",120.703728164334,-0.545857498385071,1.04111989127261,0.600071006108078,0.791350603515648,"down_in_AD"
"hsa-piR-5082","piRNA",2.56424691337352,1.37986626383954,2.63316818171365,0.600255787728331,0.791350603515648,"up_in_AD"
"tRF5-Val-TAC-1-2","tRF",334.618744008224,0.587217255388225,1.1243515769171,0.601481018129953,0.791661437852227,"up_in_AD"
"hg38_wgRna_HBII-234","other",386.133353957124,-0.613497717467509,1.175184035564,0.601639729419241,0.791661437852227,"down_in_AD"
"hsa-miR-421","miRNA",50.8120331627574,-0.655276048991875,1.25776387319864,0.60237725535407,0.791876296599868,"down_in_AD"
"hg38_wgRna_U76","other",1290.6118496596,-0.625316879318411,1.20254108975734,0.603066175938581,0.792026911066003,"down_in_AD"
"hg38_wgRna_SNORD126","snoRNA",120.963276428838,-0.610593927714159,1.17804753098808,0.604241930669436,0.792363241835762,"down_in_AD"
"tRF5-nmt-Gln-TTG-6-1","tRF",7.74270879682164,0.774963001087693,1.4961221352704,0.604471450624526,0.792363241835762,"up_in_AD"
"tRF5-Thr-TGT-2-1","tRF",5.06867009358891,0.773252191272805,1.49538330887029,0.605091263239953,0.792422461545959,"up_in_AD"
"hsa-miR-484","miRNA",148.64410495825,-0.557883056651414,1.08576079203832,0.607379487994274,0.794664434482072,"down_in_AD"
"hg38_wgRna_U41","other",963.287663638638,-0.639125775555938,1.24748398777739,0.608418780164649,0.794764102946063,"down_in_AD"
"hg38_wgRna_ACA50","other",56.9027587250186,-0.51278840485999,1.00142058756117,0.608608334090676,0.794764102946063,"down_in_AD"
"hsa-piR-30605","piRNA",85.2277575076182,-0.531727962392002,1.04282402467764,0.610126901988057,0.795993375441372,"down_in_AD"
"hsa-miR-31-5p","miRNA",14.0641733125417,0.937315591368055,1.84543853050242,0.611516876661917,0.796763073068129,"up_in_AD"
"hsa-miR-3909","miRNA",5.69542518608956,-0.792897021933078,1.56291422369431,0.611930586935744,0.796763073068129,"down_in_AD"
"hsa-piR-23709","piRNA",30.7498377281078,0.586792118174165,1.15834268675292,0.612450222953022,0.796763073068129,"up_in_AD"
"hg38_wgRna_U36B","other",241.416928357356,-0.589001057387897,1.16629954902769,0.613546921116098,0.796943607119603,"down_in_AD"
"hsa-miR-505-3p","miRNA",4.60499594352968,-0.842260809397796,1.66871813618485,0.613744822886888,0.796943607119603,"down_in_AD"
"hsa-piR-30627","piRNA",6.25696439343679,0.760285249669541,1.51824708305674,0.616536405066584,0.798656674930531,"up_in_AD"
"hsa-piR-1677","piRNA",58.8407070539024,-0.473027155540933,0.94527751461573,0.616785792031229,0.798656674930531,"down_in_AD"
"hsa-miR-361-5p","miRNA",52.9803657129533,-0.57104817559298,1.14193326024363,0.617024796369183,0.798656674930531,"down_in_AD"
"hsa-miR-574-3p","miRNA",33.6715342665038,-0.566081129398589,1.13314588920822,0.617380721882484,0.798656674930531,"down_in_AD"
"hsa-miR-1303","miRNA",48.3249444541947,-0.506890965396644,1.02119766931643,0.619634023763277,0.800074414263332,"down_in_AD"
"hsa-piR-1056","piRNA",908.347117084986,0.509388756028154,1.03081841549575,0.621193510059935,0.800074414263332,"up_in_AD"
"hg38_wgRna_U58C","other",258.520454469726,-0.574393635366353,1.16266642057192,0.62128405502217,0.800074414263332,"down_in_AD"
"hsa-piR-6061","piRNA",3.28801257830241,1.10104726858057,2.23057292352439,0.621577150480191,0.800074414263332,"up_in_AD"
"hsa-piR-1336","piRNA",4.59798004883296,1.01661191427126,2.07122177645473,0.623548694522653,0.800074414263332,"up_in_AD"
"hg38_wgRna_ACA66","other",85.6766056010159,-0.633388631122753,1.29203699137819,0.623974803199571,0.800074414263332,"down_in_AD"
"hsa-piR-28443","piRNA",7.56608622091802,0.814167196507619,1.66288908334918,0.624409868028959,0.800074414263332,"up_in_AD"
"hsa-piR-9250","piRNA",38.6848000119051,0.596992644074309,1.21967319480203,0.624509449752156,0.800074414263332,"up_in_AD"
"tRF3-Leu-CAG-1-6","tRF",24.7616207316466,0.506009561915293,1.03411011384945,0.624615984521101,0.800074414263332,"up_in_AD"
"tRF5-Tyr-GTA-9-1","tRF",14.0564101597691,0.671262527725629,1.3721068623168,0.624685740792547,0.800074414263332,"up_in_AD"
"hsa-piR-18936","piRNA",5.54577876862701,0.986162300938008,2.01679086067608,0.624858697724154,0.800074414263332,"up_in_AD"
"hg38_wgRna_ACA41","other",28.2531197467888,-0.517951925350579,1.06247616450163,0.62590751358072,0.800673897242869,"down_in_AD"
"hsa-miR-142-5p","miRNA",1.58634071261299,-1.48909340825753,3.06305117123434,0.626862882969198,0.801152841162673,"down_in_AD"
"hg38_wgRna_U87","other",205.069431163445,-0.482476442642134,0.996606562052974,0.628301225232054,0.801345003967465,"down_in_AD"
"hg38_wgRna_ACA25","other",46.9480952062399,-0.50542602495558,1.04494204986423,0.628607246460597,0.801345003967465,"down_in_AD"
"tRF3-Lys-TTT-5-1","tRF",8.51772441351204,0.808911477111711,1.67434326606677,0.629009364360561,0.801345003967465,"up_in_AD"
"tRF5-Lys-TTT-8-1","tRF",5.28510403746816,0.79742368563529,1.65214610259664,0.629337664464659,0.801345003967465,"up_in_AD"
"hsa-piR-13017","piRNA",7.61899866406609,0.744262306330293,1.54490837839389,0.62998231291956,0.80139969171038,"up_in_AD"
"hsa-piR-28735","piRNA",13.5193320142136,-0.589687979684032,1.2271865687547,0.630857517562496,0.80139969171038,"down_in_AD"
"hsa-piR-1911","piRNA",1146.44331557048,0.481931476444258,1.00730479563293,0.632339492546149,0.80139969171038,"up_in_AD"
"tRF3-Phe-GAA-10-1","tRF",52.7406630288514,0.485342863730994,1.01475643085746,0.632447312033009,0.80139969171038,"up_in_AD"
"hsa-miR-345-5p","miRNA",45.3674123426224,-0.591081085271311,1.23663654856079,0.632668153650014,0.80139969171038,"down_in_AD"
"hsa-piR-27428","piRNA",3.5137758445103,-0.863141691149317,1.81133938333821,0.633703078258354,0.80139969171038,"down_in_AD"
"hsa-piR-20110","piRNA",7.72018378022771,0.707547952642793,1.48563795175112,0.633890107170039,0.80139969171038,"up_in_AD"
"tRF3-Met-CAT-4-3","tRF",4.47958809945818,-0.76924247515024,1.61809072996903,0.6345009510523,0.80139969171038,"down_in_AD"
"hsa-miR-489-3p","miRNA",1.78892360553605,-1.30435775267765,2.74854295926172,0.635098234718016,0.80139969171038,"down_in_AD"
"hsa-piR-1091","piRNA",33088.2943324819,-0.548566984416823,1.15630608141951,0.635205210293192,0.80139969171038,"down_in_AD"
"hsa-piR-6427","piRNA",3.89819802047411,1.01802386992646,2.15026960014376,0.635899221471354,0.80139969171038,"up_in_AD"
"hg38_wgRna_U85","other",721.375408003502,-0.515977208618279,1.09298252702372,0.636868370098648,0.80139969171038,"down_in_AD"
"hsa-miR-1247-5p","miRNA",13.0929390224172,-0.915181722609435,1.93934060149956,0.636995631057734,0.80139969171038,"down_in_AD"
"tRF1_chr17_14_Thr_CGT_29877165","tRF",12.5863213024444,0.565741101150741,1.20175752065885,0.637811103531668,0.80139969171038,"up_in_AD"
"hsa-miR-708-5p","miRNA",33.8361458379753,0.617013469915721,1.31178968350609,0.638097796590281,0.80139969171038,"up_in_AD"
"hg38_wgRna_ACA48","other",1853.73384823012,-0.547557089190996,1.17898169010236,0.64233810700785,0.80599112790157,"down_in_AD"
"tRF5-His-GTG-1-8","tRF",260.923718758502,0.519201236953237,1.12115583731553,0.643296545829377,0.806218100708317,"up_in_AD"
"hsa-piR-12190","piRNA",19.2356493111089,0.595989608063867,1.28849200562731,0.643688273299389,0.806218100708317,"up_in_AD"
"hg38_wgRna_U15A","other",734.178238173095,-0.527659001107978,1.14605777563377,0.645220367315337,0.807403708282985,"down_in_AD"
"hsa-piR-8920","piRNA",81.56763667798,-0.482389183024061,1.05518439021645,0.647555306219375,0.809590904149155,"down_in_AD"
"hsa-miR-365b-3p","miRNA",13.4923315098332,-0.620565183310898,1.3656111601049,0.649524367925577,0.809860855818287,"down_in_AD"
"hg38_wgRna_U53","other",263.267439260367,-0.541841372182195,1.19301925012612,0.649701756708966,0.809860855818287,"down_in_AD"
"tRF3-Phe-GAA-1-6","tRF",98.9376130380159,0.457871253194206,1.00824810431774,0.64973844438689,0.809860855818287,"up_in_AD"
"hsa-piR-6988","piRNA",1.72165264645059,1.33816903745252,2.95336991062371,0.650477434847232,0.809860855818287,"up_in_AD"
"hsa-piR-2346","piRNA",1.93320522528105,1.28991183951187,2.84992145120282,0.650827349740036,0.809860855818287,"up_in_AD"
"hsa-piR-1638","piRNA",1112.88313633682,0.429194881107567,0.949621827138672,0.651294915955388,0.809860855818287,"up_in_AD"
"hg38_wgRna_U89","other",122.479503332279,-0.441091452126559,0.978069662106914,0.652002787613102,0.810010670376998,"down_in_AD"
"hsa-piR-19595","piRNA",3.63342978926674,1.00255071471168,2.22844562907507,0.652791275871365,0.810260278511802,"up_in_AD"
"hsa-piR-5293","piRNA",1.62337666176183,-1.24156625016886,2.77016104122144,0.654014054186635,0.810496936851235,"down_in_AD"
"hg38_wgRna_HBII-85-27","other",33.5467520184856,-0.521722473260265,1.16457432660582,0.654157426189575,0.810496936851235,"down_in_AD"
"hsa-piR-20084","piRNA",18.7303605784419,-0.695897048209084,1.55922772264814,0.655374203070375,0.811275606852826,"down_in_AD"
"hg38_wgRna_E3","other",856.012354068999,-0.47396300271325,1.06767706851692,0.657100560651906,0.812513798312455,"down_in_AD"
"hsa-piR-13420","piRNA",90.6387389210451,0.524858556959957,1.18399567328557,0.657552863608919,0.812513798312455,"up_in_AD"
"hg38_wgRna_U109","other",14.6212802905154,-0.519817608763179,1.18364043030508,0.660539437673209,0.814039011921019,"down_in_AD"
"hsa-piR-14035","piRNA",3.14520033973834,0.991145873720333,2.2629256318461,0.661391265695921,0.814039011921019,"up_in_AD"
"hg38_wgRna_U105","other",158.261185028268,-0.530319480634978,1.21110666338783,0.661473217641451,0.814039011921019,"down_in_AD"
"hsa-piR-5972","piRNA",121.834717090121,0.519094218039989,1.18683056361975,0.661836845446034,0.814039011921019,"up_in_AD"
"hsa-piR-28275","piRNA",20.3696938615853,0.5213622988538,1.19331578427013,0.662182271875601,0.814039011921019,"up_in_AD"
"hsa-piR-16186","piRNA",12.4837027844601,0.566158595617261,1.29644796487506,0.662329058285267,0.814039011921019,"up_in_AD"
"hsa-piR-1028","piRNA",3114.27273168344,0.491159417722895,1.12798582429351,0.663249984607277,0.814406434653043,"up_in_AD"
"hg38_wgRna_SNORA36C","snoRNA",3.69027982886487,-0.786018238122677,1.80835146731876,0.663809160659913,0.814406434653043,"down_in_AD"
"hsa-miR-941","miRNA",19.6181388846419,-0.52185343834606,1.20299610856013,0.664437468882914,0.814442430055654,"down_in_AD"
"hsa-miR-33a-5p","miRNA",6.85070370433913,-0.712932650119193,1.64652157108962,0.665019707210055,0.814442430055654,"down_in_AD"
"hsa-piR-27485","piRNA",31.739586118425,0.617750542122418,1.43343770873312,0.66649936911211,0.814802027513413,"up_in_AD"
"hsa-piR-1614","piRNA",781.779891178723,0.363189675669565,0.844696539507179,0.667221335524285,0.814802027513413,"up_in_AD"
"hsa-piR-4670","piRNA",15.5110886268236,0.585922662643106,1.36375054994593,0.667457067720886,0.814802027513413,"up_in_AD"
"hsa-piR-5554","piRNA",4.6649827999898,0.794024311122864,1.84941257404097,0.667676788317735,0.814802027513413,"up_in_AD"
"hsa-piR-8543","piRNA",7.12520188643476,0.755777853147803,1.77151467029349,0.669650262218075,0.816487808663771,"up_in_AD"
"hsa-piR-30262","piRNA",136.550827261427,0.509987033873028,1.20201467588612,0.671363899959112,0.81785407954383,"up_in_AD"
"hsa-piR-26299","piRNA",20.6565847273675,0.677094439593819,1.60413268567912,0.672956562939978,0.819070697523592,"up_in_AD"
"tRF3-Asp-GTC-2-7","tRF",4168.46074156093,-0.467350233698829,1.11517025116784,0.675154596657451,0.820335720340859,"down_in_AD"
"hg38_wgRna_ACA49","other",158.438875386622,-0.504844129496952,1.20500276756226,0.675247688800007,0.820335720340859,"down_in_AD"
"hg38_wgRna_HBII-289","other",2272.03737191892,-0.516852828863126,1.24012627311205,0.676843461207747,0.820335720340859,"down_in_AD"
"tRF5-Ala-AGC-7-1","tRF",27.0280636974783,0.46347148186703,1.11326721625262,0.677178439454613,0.820335720340859,"up_in_AD"
"hg38_wgRna_ACA59","other",24.9892696395731,-0.52347990167585,1.25822602065519,0.677376343902693,0.820335720340859,"down_in_AD"
"tRF5-Asn-GTT-chr1-29","tRF",2.95812005522758,1.0566320021985,2.5412761905442,0.67756518163034,0.820335720340859,"up_in_AD"
"hsa-piR-2304","piRNA",17.9917201579833,0.620151842559615,1.50362304279281,0.680018141546957,0.822583348415135,"up_in_AD"
"hsa-piR-29103","piRNA",6.99749849842515,0.711843991341101,1.74075668414536,0.6825925667267,0.824973838313864,"up_in_AD"
"hsa-piR-13522","piRNA",40.942594690045,0.53367527416667,1.31110296948628,0.683976413201663,0.82582675318923,"up_in_AD"
"tRF1_chr6_154_Ile_AAT_27205349","tRF",10.1916312978622,-0.653322312113819,1.60783902662875,0.684495996298252,0.82582675318923,"down_in_AD"
"hsa-piR-4094","piRNA",2.21431974648542,1.01161464855027,2.51512139697426,0.687527238779375,0.827749990913649,"up_in_AD"
"hsa-miR-454-3p","miRNA",10.4249505110389,-0.672999772227195,1.67395905007625,0.687654027656137,0.827749990913649,"down_in_AD"
"tRF3-Met-CAT-1-1","tRF",39.396268134399,0.434529223060164,1.08167461808435,0.687890855393069,0.827749990913649,"up_in_AD"
"tRF3-Tyr-GTA-4-1","tRF",6.39293548678995,0.589257964184368,1.47139359599408,0.688805885707782,0.827830477700813,"up_in_AD"
"hsa-piR-23780","piRNA",43.2333915373232,0.496935109654514,1.24245571953945,0.68918448468153,0.827830477700813,"up_in_AD"
"tRF3-Arg-TCT-5-1","tRF",24.5385632666309,0.597610127419335,1.49708469350592,0.689758679389582,0.827830477700813,"up_in_AD"
"hsa-piR-6916","piRNA",54.785788091487,0.466863662714317,1.17243944247925,0.690483849324504,0.827980198450862,"up_in_AD"
"hsa-piR-14778","piRNA",3.11235227553254,0.897186614555303,2.26797251605502,0.692407721376936,0.829565810407293,"up_in_AD"
"hg38_wgRna_U91","other",15.132936518968,-0.501462504645945,1.27470520804454,0.694027849307713,0.830455787161925,"down_in_AD"
"hsa-piR-26933","piRNA",83.5108747905162,0.482631758305689,1.22822085441439,0.694354983754677,0.830455787161925,"up_in_AD"
"hg38_wgRna_snR38C","other",450.548303062666,-0.498203842464987,1.27469647543533,0.695914652588838,0.831599918474877,"down_in_AD"
"hg38_wgRna_U19","other",307.7529912069,-0.367452237375444,0.944812302651608,0.697338586609547,0.832254968375992,"down_in_AD"
"hg38_wgRna_U51","other",88.2907536933111,-0.362513742043741,0.933188605477528,0.69766986471548,0.832254968375992,"down_in_AD"
"hg38_wgRna_HBII-85-25","other",32.9011262023241,-0.400030137468412,1.03273002215544,0.698495563684707,0.832519777287131,"down_in_AD"
"tRF1_chr16_15_Thr_CGT_14379822","tRF",16.8825154482707,-0.526617430651718,1.36447109490448,0.699533801632811,0.833037230096413,"down_in_AD"
"hsa-piR-3382","piRNA",5.89551531643373,-0.679849656836477,1.77873833128895,0.702306405896905,0.834937722114416,"down_in_AD"
"hsa-piR-6586","piRNA",41.2994241235554,0.45819070891163,1.1989413168236,0.702340650944686,0.834937722114416,"up_in_AD"
"hsa-piR-14646","piRNA",4.19598659684342,0.676833445154547,1.7752749061363,0.703013618805478,0.83501789865009,"up_in_AD"
"tRF3-Leu-CAG-chr9-7","tRF",14.2760865988657,0.501710932943122,1.32446712599087,0.704834825443374,0.835600594184987,"up_in_AD"
"hg38_wgRna_ACA7B","other",349.05410914407,-0.443915360934732,1.17398283543469,0.705335775007308,0.835600594184987,"down_in_AD"
"hsa-piR-7759","piRNA",12.7014882942919,0.469256725322211,1.24269388210755,0.70571848832768,0.835600594184987,"up_in_AD"
"tRF1_chr6_175_Ser_GCT_26305717","tRF",3.17650349962058,-0.704189056762232,1.86623927490248,0.705927985660268,0.835600594184987,"down_in_AD"
"hsa-piR-24644","piRNA",3.58864955962589,0.749818776731335,2.00770763322059,0.708798592583657,0.838278952978441,"up_in_AD"
"hsa-piR-11621","piRNA",1466.78643839055,-0.321306313905652,0.868046366281769,0.711271629009191,0.840482927509575,"down_in_AD"
"hsa-piR-81","piRNA",5.52911059887058,-0.64726775740196,1.76897033935066,0.714439059283918,0.843502964685379,"down_in_AD"
"tRF3-Leu-TAA-2-1","tRF",8.1348593750525,0.504535363143843,1.38210892232955,0.71507597296133,0.843532734571149,"up_in_AD"
"hg38_wgRna_mgU2-19/30","other",229.037459336385,-0.337071927517782,0.941600137765838,0.720359941697576,0.849039623590562,"down_in_AD"
"hsa-piR-28763","piRNA",374.47698267396,0.383127476959304,1.07430100693064,0.721369157913077,0.849503047619243,"up_in_AD"
"hsa-let-7g-5p","miRNA",42.6662960500002,0.563698411507049,1.59003168296021,0.722949039519322,0.850637137796199,"up_in_AD"
"hsa-miR-222-3p","miRNA",22.6177161395725,0.382757959713681,1.08480570733762,0.724211771142772,0.851234697954545,"up_in_AD"
"hg38_wgRna_U79","other",137.243677547221,-0.384321118086015,1.09121454459962,0.724691468744479,0.851234697954545,"down_in_AD"
"hsa-miR-629-5p","miRNA",1.84344951777014,-0.867145580582016,2.46999616414395,0.725534610633835,0.851482704348357,"down_in_AD"
"hsa-piR-27081","piRNA",77.0737522350442,-0.414581348506379,1.18622660829551,0.726717040457374,0.851482704348357,"down_in_AD"
"tRF5-Ala-AGC-11-1","tRF",2.91467930557562,0.690139789028501,1.97547273218033,0.726823377465344,0.851482704348357,"up_in_AD"
"hg38_wgRna_U3-3","other",4984.2621740543,-0.352220524689399,1.01336170536487,0.728158398319305,0.851482704348357,"down_in_AD"
"hsa-miR-769-5p","miRNA",4.93643594300065,-0.624896295248399,1.80066468265288,0.728563928574762,0.851482704348357,"down_in_AD"
"hg38_wgRna_U15B","other",1228.9546117568,-0.401547496799726,1.15895924656882,0.728987654672141,0.851482704348357,"down_in_AD"
"hg38_wgRna_U3","other",5422.53739075284,-0.345464565731245,0.999810348226787,0.729695888455179,0.851482704348357,"down_in_AD"
"hsa-piR-26690","piRNA",7.50641121634359,-0.64526493066869,1.86851719692739,0.729842318012877,0.851482704348357,"down_in_AD"
"hsa-miR-203b-5p","miRNA",8.41135762495436,0.520758968576382,1.51431011297968,0.730927590286306,0.851747675768056,"up_in_AD"
"hsa-piR-26415","piRNA",148.94407018264,0.362361122430877,1.05524521722908,0.7313047484477,0.851747675768056,"up_in_AD"
"hg38_wgRna_mgU6-77","other",2600.51477903295,-0.398326293573417,1.1664993254973,0.732748644268457,0.852061993205105,"down_in_AD"
"hsa-piR-19473","piRNA",2.61574705611805,0.819392150050842,2.40016807010251,0.732810387194528,0.852061993205105,"up_in_AD"
"RN28S1_gi|225637499|ref|NR_003287.2|","other",7260601.22413914,0.351220962672136,1.04161374150928,0.735974235916397,0.85501977365519,"up_in_AD"
"hg38_wgRna_ACA54","other",507.379170914772,-0.414918316613879,1.23741653871571,0.737391143137629,0.85594476968585,"down_in_AD"
"hsa-miR-328-3p","miRNA",13.5827236567481,-0.506633161080815,1.52849790883684,0.740298411890719,0.858596728340876,"down_in_AD"
"tRF5-Cys-GCA-3-1","tRF",28.157543800807,0.431330465899013,1.31014517130679,0.741986826822866,0.858938548610609,"up_in_AD"
"hsa-piR-23019","piRNA",532.070115289762,-0.297572002966224,0.907020315253348,0.742853861386314,0.858938548610609,"down_in_AD"
"hsa-miR-218-5p","miRNA",53.900468037555,-0.470999891123064,1.43851391910355,0.743349366921658,0.858938548610609,"down_in_AD"
"hg38_wgRna_HBII-382","other",132.271642190495,-0.334640001393542,1.02239758086384,0.74343413303579,0.858938548610609,"down_in_AD"
"tRF5-Val-CAC-chr1-93","tRF",2858.82812077796,0.408385847185158,1.25231367564851,0.744344856196894,0.858938548610609,"up_in_AD"
"hsa-miR-1307-5p","miRNA",1.25816369917052,-1.06887049984348,3.2908865003918,0.745334614663888,0.858938548610609,"down_in_AD"
"hg38_wgRna_U3-4","other",4655.22874468551,-0.333091644459166,1.02601603207019,0.745449271187532,0.858938548610609,"down_in_AD"
"hg38_wgRna_U3-2B","other",4733.91617946945,-0.329647351089721,1.01841685517306,0.746175716900072,0.858938548610609,"down_in_AD"
"hsa-piR-29547","piRNA",2.58792743632537,-0.88782012173379,2.74310341568337,0.746198971164256,0.858938548610609,"down_in_AD"
"hsa-piR-7447","piRNA",3.67745376383724,0.642832255923104,1.99443312429232,0.747215383454963,0.859391170795991,"up_in_AD"
"RN18S1_gi|225637497|ref|NR_003286.2|","other",1513099.22591641,0.316259021511142,0.988422183340833,0.748995999750259,0.860067873415278,"up_in_AD"
"hsa-piR-25004","piRNA",4.32293756604822,0.556727045819512,1.74036608540381,0.749051135585024,0.860067873415278,"up_in_AD"
"hsa-miR-125a-5p","miRNA",190.241936819686,0.380938055729777,1.21512285665147,0.753902671002649,0.864370586836719,"up_in_AD"
"tRF5-Cys-GCA-11-1","tRF",5.89050435740728,0.459233876683105,1.46579183005773,0.754052078291931,0.864370586836719,"up_in_AD"
"hsa-piR-10725","piRNA",9.78916453478897,0.445259820823394,1.42600441073707,0.754855894878348,0.864573321459503,"up_in_AD"
"hsa-piR-797","piRNA",6.43773799506156,0.449658520277684,1.47726761380481,0.760834378883139,0.870697600398214,"up_in_AD"
"hsa-miR-374c-3p","miRNA",2.97669101204712,-0.661134447089722,2.18674989169457,0.762395508197645,0.871760701330474,"down_in_AD"
"hsa-miR-1273h-5p","miRNA",5.06519039839424,0.56049682500818,1.86220243314002,0.763425185155777,0.872214441165295,"up_in_AD"
"hsa-piR-23855","piRNA",32.7272719112275,-0.345266287804178,1.15074068350837,0.76414793526344,0.872214441165295,"down_in_AD"
"hg38_wgRna_U3-2","other",4735.04984036211,-0.300993369495213,1.00847788000404,0.765349784401985,0.872214441165295,"down_in_AD"
"hsa-piR-27571","piRNA",102.52796518422,0.271330739902628,0.918902116688963,0.767782218816617,0.872214441165295,"up_in_AD"
"hg38_wgRna_ACA14a","other",37.8064947826266,-0.306789789147099,1.03952367657132,0.767898125025616,0.872214441165295,"down_in_AD"
"hsa-miR-503-5p","miRNA",22.653977565026,-0.362646757240781,1.22953741174873,0.76803536994537,0.872214441165295,"down_in_AD"
"hsa-piR-18631","piRNA",4.25479114180314,0.567071699243844,1.92591657093738,0.768419791456409,0.872214441165295,"up_in_AD"
"hsa-miR-203a-3p","miRNA",14.832230092334,0.423657839339582,1.44335764971706,0.76912286029995,0.872214441165295,"up_in_AD"
"tRF3-Thr-CGT-chr1-133","tRF",38.2574766411404,0.382198488387585,1.30427843681621,0.769495834840844,0.872214441165295,"up_in_AD"
"tRF1_chr1_21_His_GTG_147753543","tRF",11.887232563667,-0.359203210398338,1.22701974260241,0.769717497094286,0.872214441165295,"down_in_AD"
"hsa-miR-378d","miRNA",1.36393998858576,-0.932600612649459,3.19937993567315,0.770673398758961,0.872214441165295,"down_in_AD"
"hsa-piR-20115","piRNA",20.2511892219345,0.405447678514473,1.39219475675997,0.77087607925339,0.872214441165295,"up_in_AD"
"tRF5-Cys-GCA-9-3","tRF",6.96633474537619,0.419899753740004,1.44602114245709,0.771523355461117,0.872214441165295,"up_in_AD"
"tRF5-Val-CAC-3-1","tRF",725.899181535358,0.379610936787415,1.30800715955371,0.77164729385182,0.872214441165295,"up_in_AD"
"hsa-piR-20118","piRNA",38.2500250289055,0.371055376488798,1.29831546020307,0.775033185403606,0.875324129952148,"up_in_AD"
"hsa-piR-25274","piRNA",73.66131709025,-0.331105635860933,1.16702211019007,0.776626199341162,0.876405506457826,"down_in_AD"
"tRF1_chr14_3_Pro_TGG_21101237","tRF",3.7061285491997,-0.46504471817312,1.66661132567683,0.780217123715988,0.879737868850652,"down_in_AD"
"tRF5-Arg-TCG-3-1","tRF",3.97088021284275,0.607627262145987,2.192367930167,0.781660556048472,0.880645348685329,"up_in_AD"
"hsa-piR-30205","piRNA",3.33088334933194,0.519702990840385,1.889704880858,0.783302354895674,0.881042672517316,"up_in_AD"
"hsa-piR-22401","piRNA",209.713508619092,-0.265424531832943,0.965342890630651,0.783351863689282,0.881042672517316,"down_in_AD"
"hsa-miR-8485","miRNA",2.6366869958306,0.590797073636843,2.15461067103974,0.78392991963651,0.881042672517316,"up_in_AD"
"hg38_wgRna_SNORA38B","snoRNA",25.2484164714756,0.343418370449249,1.2571986843932,0.784729017165278,0.88112334660961,"up_in_AD"
"hsa-piR-303","piRNA",22.6046380323576,0.358875884753255,1.31723996682518,0.785279617826839,0.88112334660961,"up_in_AD"
"hsa-piR-18961","piRNA",12.2683412987997,0.418429772816923,1.54601028328222,0.786659196390644,0.881953684408697,"up_in_AD"
"RN5-8S1_gi|142372596|ref|NR_003285.2|","other",407724.289305571,-0.271596687429663,1.0185045670785,0.789729246064355,0.884417549699217,"down_in_AD"
"tRF3-Leu-AAG-2-4","tRF",30.169729959556,0.320353422949179,1.20375049578195,0.790139536787117,0.884417549699217,"up_in_AD"
"hsa-piR-15898","piRNA",2.62102475109725,-0.568473639881547,2.15916328886442,0.792331515121733,0.886151791851476,"down_in_AD"
"tRF5-Tyr-GTA-8-1","tRF",15.0724368535434,0.373556393864058,1.42567041189612,0.793304815655132,0.886231964957691,"up_in_AD"
"hsa-piR-14398","piRNA",24.651467805063,0.308888528334316,1.18111015898916,0.793688525542239,0.886231964957691,"up_in_AD"
"tRF5-Cys-GCA-1-1","tRF",21.0498157910307,-0.30769616637487,1.18061848846266,0.794383359471236,0.886290172096145,"down_in_AD"
"hsa-piR-23503","piRNA",22.7986983549299,-0.330294227006127,1.28151904256423,0.796610278021509,0.88799867654222,"down_in_AD"
"hsa-piR-13762","piRNA",4.45829571591545,0.480894294617573,1.87140861496246,0.79720258271158,0.88799867654222,"up_in_AD"
"hsa-piR-10493","piRNA",4.08585396986224,-0.443578430586049,1.74581455825641,0.799432927715834,0.88969227347149,"down_in_AD"
"hsa-piR-25837","piRNA",76.8544944519454,0.276820799461828,1.09272884994094,0.800013356856162,0.88969227347149,"up_in_AD"
"hsa-piR-3381","piRNA",69.3044849991785,-0.285957488270234,1.14583148570172,0.80292508201053,0.892210868728865,"down_in_AD"
"tRF1_chr6_42_Gln_CTG_27263284","tRF",8.28212127103768,0.385610297848183,1.56563817245993,0.805453166190458,0.894191136480679,"up_in_AD"
"hsa-piR-1044","piRNA",557.805665886359,0.2830973351993,1.15275016286346,0.80600404832885,0.894191136480679,"up_in_AD"
"hsa-piR-2642","piRNA",37.0516998046791,0.297922497282269,1.22909099921635,0.808476009173405,0.896212553577272,"up_in_AD"
"hsa-piR-31267","piRNA",1.44309741207394,-0.6896800681175,2.88021996480548,0.810753594862347,0.897800334766572,"down_in_AD"
"hsa-miR-12135","miRNA",3.4307714688117,-0.498661671634657,2.087631841684,0.811210454763704,0.897800334766572,"down_in_AD"
"hsa-miR-671-3p","miRNA",4.33975570911826,-0.425655612970899,1.80360980703571,0.81343107895542,0.898951219855025,"down_in_AD"
"hsa-piR-10185","piRNA",4.79928045556324,0.44299814464342,1.8832293582744,0.814027707513209,0.898951219855025,"up_in_AD"
"hsa-piR-26271","piRNA",355.351118764899,0.243020277575819,1.03580122980077,0.814503240621532,0.898951219855025,"up_in_AD"
"hsa-piR-1014","piRNA",6681.19784221296,0.243073685148667,1.03805019038342,0.81485788601797,0.898951219855025,"up_in_AD"
"hg38_wgRna_ACA16","other",817.680399567902,-0.245466120786707,1.05674851642336,0.816317182716136,0.899458135847298,"down_in_AD"
"hsa-piR-20116","piRNA",25.9532544546546,0.285346255617259,1.23051352466543,0.816621889833805,0.899458135847298,"up_in_AD"
"hg38_wgRna_U14A","other",583.960655013109,-0.233315872091139,1.01166258406817,0.817605231058993,0.899822516863808,"down_in_AD"
"hsa-piR-16147","piRNA",7.04508983753238,-0.359446521470891,1.56471611538772,0.818309384788371,0.899879299540003,"down_in_AD"
"hsa-piR-23502","piRNA",21.9031072098038,-0.268193138619796,1.18081330501791,0.82032594113416,0.90070897674174,"down_in_AD"
"hsa-piR-26691","piRNA",13.5126161473752,0.327053523739479,1.44032733626585,0.820370177510968,0.90070897674174,"up_in_AD"
"tRF3-Arg-TCG-4-1","tRF",9.36610048406984,0.290630794304875,1.29825679934381,0.822864426790758,0.902172888148176,"up_in_AD"
"hsa-piR-20543","piRNA",183.633795705018,0.25007735207696,1.12659201637933,0.824331901317766,0.902172888148176,"up_in_AD"
"hsa-miR-1260a","miRNA",85.0527987436879,-0.227161686326802,1.0235684462193,0.824367508358387,0.902172888148176,"down_in_AD"
"tRF3-Cys-GCA-24-1","tRF",199.692576679481,-0.234885246512554,1.05882358349021,0.824441510968616,0.902172888148176,"down_in_AD"
"hsa-piR-18682","piRNA",520.990627855412,-0.239589032058975,1.08337157821535,0.824974627958557,0.902172888148176,"down_in_AD"
"hsa-piR-2653","piRNA",2.74869570124987,0.426805707765768,1.97720002482673,0.829093995260908,0.90595928642218,"up_in_AD"
"hsa-piR-7374","piRNA",1.5902603896274,0.644819647458459,3.02560874984649,0.83123287268027,0.907577301208307,"up_in_AD"
"hsa-miR-152-3p","miRNA",4.09384531318966,-0.425293218147718,2.02612039196954,0.833741658990658,0.909596319420978,"down_in_AD"
"hsa-piR-18632","piRNA",3.65839475987599,0.376043099978333,1.80805115663441,0.835242588242381,0.910513461807307,"up_in_AD"
"hsa-miR-15b-5p","miRNA",29.0898237365145,-0.235859079777724,1.14616322274757,0.836961666018964,0.911225217811621,"down_in_AD"
"hsa-piR-6854","piRNA",64.2270188649598,-0.225785407947595,1.10258270374481,0.837745061015815,0.911225217811621,"down_in_AD"
"hsa-miR-338-3p","miRNA",3.44822805965599,-0.463328648859445,2.26446222013469,0.837877865253906,0.911225217811621,"down_in_AD"
"hsa-piR-7011","piRNA",5.62486024958591,0.326761240602858,1.62110565779007,0.840255324704579,0.913090695640357,"up_in_AD"
"tRF3-Ala-CGC-4-1","tRF",81.6836312497412,-0.187670520261291,0.946963284339294,0.842903130573772,0.914507854714499,"down_in_AD"
"hg38_wgRna_U42A","other",397.640196733276,-0.276239478609628,1.39553591589515,0.843088027532251,0.914507854714499,"down_in_AD"
"tRF1_chr11_19_Trp_CCA_45290199","tRF",2.28808801616761,-0.445678013272951,2.25824380152892,0.84354894212969,0.914507854714499,"down_in_AD"
"hsa-piR-31751","piRNA",5.67094636070863,0.352209066718414,1.81507940418936,0.846139790832449,0.916596049927689,"up_in_AD"
"hsa-piR-26860","piRNA",4.24420736826948,-0.315949583940034,1.66645813208005,0.849627702674228,0.918926800458678,"down_in_AD"
"hsa-piR-18867","piRNA",427.68405291402,-0.216666414099216,1.14777896872986,0.85027296394021,0.918926800458678,"down_in_AD"
"hsa-miR-424-3p","miRNA",32.7220766404493,0.224738808404857,1.19068316302613,0.850290498466478,0.918926800458678,"up_in_AD"
"hsa-let-7f-5p","miRNA",40.2316417343796,-0.25546291479493,1.3602910839759,0.851033292139218,0.919009326436948,"down_in_AD"
"hsa-piR-28793","piRNA",2.80397474643966,0.39937242845903,2.17262111807178,0.854154227196764,0.921657808532345,"up_in_AD"
"hsa-piR-24027","piRNA",452.086235916765,0.164916216981026,0.91373302248083,0.856770873607631,0.923395943506501,"up_in_AD"
"hsa-miR-7-1-3p","miRNA",4.23893971874033,0.388656520085748,2.15846536703244,0.857104284037942,0.923395943506501,"up_in_AD"
"hg38_wgRna_HBII-85-13","other",7.27983664585466,-0.254306053713097,1.43068525250021,0.858918355411753,0.924627956372215,"down_in_AD"
"hg38_wgRna_U88","other",63.8035332488501,0.183334457404961,1.03871249255217,0.859899861145245,0.924962487144534,"up_in_AD"
"hsa-piR-30601","piRNA",8.86897814459897,-0.251157821413046,1.43441279830745,0.861005363607916,0.925168778724683,"down_in_AD"
"hsa-piR-4584","piRNA",2.41497031706702,-0.422542700685936,2.42944501104993,0.861923927057592,0.925168778724683,"down_in_AD"
"hg38_wgRna_ACA64","other",12.6202175133741,-0.249730324953625,1.44402189735863,0.862697948629939,0.925168778724683,"down_in_AD"
"hsa-piR-23832","piRNA",37.4784944249171,-0.194676155344511,1.12632115070496,0.862775235271894,0.925168778724683,"down_in_AD"
"hsa-piR-26758","piRNA",7.84366786458565,-0.241828618379447,1.4411264203735,0.866736470806913,0.92742155215364,"down_in_AD"
"hsa-piR-27975","piRNA",3.91601015015074,0.317248163015185,1.89138577211358,0.866793186767224,0.92742155215364,"up_in_AD"
"hsa-piR-12262","piRNA",14.8824633559557,-0.233107921291645,1.3908134264132,0.866893677103729,0.92742155215364,"down_in_AD"
"tRF5-Lys-CTT-3-1","tRF",2815.17416682564,0.230113110167981,1.38331777342581,0.867882544613441,0.927639936702836,"up_in_AD"
"tRF3-Arg-TCG-2-1","tRF",23.3975055583238,0.181329863449711,1.09474721775744,0.868443189473068,0.927639936702836,"up_in_AD"
"hsa-piR-18998","piRNA",3.96653143531798,0.29001590038879,1.80842953135533,0.87259046680934,0.930446686302983,"up_in_AD"
"hsa-piR-14054","piRNA",2.74994836533235,-0.318466174209467,1.98789066001666,0.872721116014136,0.930446686302983,"down_in_AD"
"hsa-piR-30204","piRNA",5.13392690239511,0.268458362624579,1.68071747728293,0.873095005131298,0.930446686302983,"up_in_AD"
"tRF3-Ala-TGC-6-1","tRF",29.5221530029752,0.177293159544591,1.12248939266612,0.874499034355389,0.931223296043306,"up_in_AD"
"hsa-piR-2602","piRNA",6.14932818270808,-0.246601209645849,1.59528653790365,0.877151540351549,0.933327140543816,"down_in_AD"
"hsa-miR-1249-3p","miRNA",12.0634794450846,-0.244702764668266,1.59584905058312,0.878132494837797,0.933650509160619,"down_in_AD"
"hg38_wgRna_HBII-82","other",15.6833719967454,-0.207955816995001,1.36966065841062,0.879320882093192,0.933779638631113,"down_in_AD"
"tRF3-Thr-CGT-3-1","tRF",147.729103562757,0.163880849083792,1.08821025944483,0.880293882768736,0.933779638631113,"up_in_AD"
"hsa-miR-221-3p","miRNA",721.257285569335,0.14139620947926,0.945064505239499,0.88106805291259,0.933779638631113,"up_in_AD"
"hsa-piR-28004","piRNA",545.739651439249,0.173132861002746,1.16510025932494,0.881869975732384,0.933779638631113,"up_in_AD"
"tRF5-Asn-GTT-20-1","tRF",1.58172176569497,-0.414200103228455,2.79084606364224,0.882016200322704,0.933779638631113,"down_in_AD"
"hsa-piR-8604","piRNA",4.77859079641139,0.262849080364752,1.77939081249417,0.882564869436363,0.933779638631113,"up_in_AD"
"tRF5-Arg-CCG-1-2","tRF",1.68184069337558,-0.401483533128967,2.72793416036501,0.882993943999254,0.933779638631113,"down_in_AD"
"hg38_wgRna_ACA36B","other",7.00695651830621,-0.252552665074487,1.73648360840041,0.884364171903622,0.934512025329575,"down_in_AD"
"hsa-piR-28258","piRNA",13.3992148934012,-0.180199920241582,1.24660452642087,0.8850641270697,0.934535552242814,"down_in_AD"
"hsa-piR-1087","piRNA",3.00938182078314,-0.274921843416965,1.92902949400661,0.886670691405734,0.93551559559947,"down_in_AD"
"tRF3-Leu-TAG-2-1","tRF",17.4979531170974,0.181334950213974,1.28812670134478,0.888048359623612,0.936252819511438,"up_in_AD"
"hsa-miR-3195","miRNA",12.0074824480792,-0.19753567407184,1.44406397505712,0.891195604238711,0.938853123181957,"down_in_AD"
"hsa-piR-5902","piRNA",11.3553743607725,0.207706961926059,1.53223149028459,0.892170335649244,0.939162513633822,"up_in_AD"
"hsa-piR-3628","piRNA",96.3738118339925,-0.166473825073809,1.25103503452014,0.894138910069397,0.940210191896405,"down_in_AD"
"hg38_wgRna_ACA59B","other",25.4470856409608,-0.168727335512146,1.27268980243856,0.894529203602671,0.940210191896405,"down_in_AD"
"hsa-piR-29036","piRNA",2.17121381599222,0.324419173273314,2.48815821936195,0.896261622472688,0.941313615681521,"up_in_AD"
"tRF3-Lys-TTT-3-5","tRF",56.9521215975839,0.143906572008506,1.16094042059579,0.901349403075912,0.945936702314827,"up_in_AD"
"hsa-piR-425","piRNA",2.89916736586416,0.278578634543907,2.31401006281451,0.904175936849924,0.947823311718028,"up_in_AD"
"hsa-piR-28172","piRNA",3.29867952269825,-0.215786896941349,1.83044057767883,0.906156436999493,0.947823311718028,"down_in_AD"
"hsa-piR-11119","piRNA",59.2351734523712,0.158219420400365,1.34263820388048,0.906192703134831,0.947823311718028,"up_in_AD"
"tRF5-Cys-GCA-chr12-13","tRF",17.3854982206739,0.169805630838477,1.44351461055677,0.90635808481545,0.947823311718028,"up_in_AD"
"hsa-piR-20108","piRNA",103.31105730754,0.146653730210937,1.24972586200821,0.906583718749876,0.947823311718028,"up_in_AD"
"hsa-piR-5748","piRNA",3506.10165693856,0.106538860009126,1.00667079090494,0.915714955908053,0.955803302262188,"up_in_AD"
"hsa-piR-27435","piRNA",2698.77513387208,0.145039752987297,1.37666568381063,0.91609346508544,0.955803302262188,"up_in_AD"
"hsa-piR-30602","piRNA",32.8498687609063,0.135243640339701,1.28939968250664,0.916464012450063,0.955803302262188,"up_in_AD"
"hsa-piR-294","piRNA",4.13537039504577,-0.203722224408401,1.95459527532302,0.9169889549622,0.955803302262188,"down_in_AD"
"hg38_wgRna_ACA24","other",156.118482926366,-0.109379710223729,1.06762375051161,0.918398266301451,0.95648435483194,"down_in_AD"
"tRF3-Asn-GTT-10-1","tRF",5.5785729697807,0.189207767122957,1.86125152281828,0.91902956501256,0.95648435483194,"up_in_AD"
"hsa-piR-20119","piRNA",57.1685153161163,-0.128901687266302,1.30455226116402,0.921289811184216,0.957575373230638,"down_in_AD"
"hsa-piR-2654","piRNA",4.56235649569831,0.187853331265079,1.90546874426018,0.921466657198736,0.957575373230638,"up_in_AD"
"hg38_wgRna_HBII-202","other",2033.64385742792,-0.121659305684772,1.2972555359796,0.925282277296975,0.960355911907664,"down_in_AD"
"hsa-piR-11120","piRNA",215.940039114576,-0.112222890248779,1.20071079285537,0.925535175435305,0.960355911907664,"down_in_AD"
"hsa-piR-28737","piRNA",13.975941052551,-0.121973570684523,1.32278840385791,0.92653164233434,0.960667018630868,"down_in_AD"
"hsa-piR-20152","piRNA",4.12141722449422,-0.158892280900293,1.74120792128088,0.927290725549993,0.960731713398528,"down_in_AD"
"hsa-piR-12261","piRNA",3.10423196539705,0.171561693982478,1.93651231038527,0.929405265159768,0.96121114478726,"up_in_AD"
"hsa-miR-3178","miRNA",8.76969704815187,0.148405224218869,1.69754818402685,0.930335068258137,0.96121114478726,"up_in_AD"
"hsa-piR-18881","piRNA",40.9503410333276,0.115783347998226,1.3382499345422,0.93105426754341,0.96121114478726,"up_in_AD"
"hsa-miR-301b-3p","miRNA",2.75216775735435,-0.206319242369625,2.39046819527833,0.931220676833052,0.96121114478726,"down_in_AD"
"hsa-piR-26999","piRNA",13.1305100227223,-0.105733956161577,1.22538190259268,0.931238643535735,0.96121114478726,"down_in_AD"
"hsa-miR-146b-5p","miRNA",24.8493831991713,0.115516648319435,1.39232259714994,0.933877882441373,0.962127810529116,"up_in_AD"
"tRF5-Gly-GCC-3-1","tRF",2818.45708168256,-0.0988188933963742,1.20540198521139,0.934662592105049,0.962127810529116,"down_in_AD"
"hsa-piR-31371","piRNA",9.8969356142959,-0.126070927857261,1.57142153879295,0.936056467433053,0.962127810529116,"down_in_AD"
"hsa-miR-197-3p","miRNA",82.4106403182675,-0.101088934673643,1.26093115550922,0.936101996929794,0.962127810529116,"down_in_AD"
"hsa-piR-10365","piRNA",3.90987150050099,0.14565884921796,1.83892292070992,0.936866557579773,0.962127810529116,"up_in_AD"
"hsa-miR-1908-5p","miRNA",9.96832871832853,-0.134470434487618,1.709754596709,0.93731183734259,0.962127810529116,"down_in_AD"
"hsa-miR-132-3p","miRNA",30.0326153176483,-0.0829524699663462,1.05693841879821,0.937443271517637,0.962127810529116,"down_in_AD"
"tRF5-Asn-GTT-8-1","tRF",1.84969706280348,0.206306140693954,2.63985636335591,0.937708322952234,0.962127810529116,"up_in_AD"
"hg38_wgRna_U20","other",118.191831967872,0.0711044126996669,0.922465592632356,0.938559243779725,0.962284904960773,"up_in_AD"
"hsa-piR-23202","piRNA",27.104333890808,0.088042089758046,1.20080454861337,0.941552073073159,0.964636187791892,"up_in_AD"
"hsa-piR-12654","piRNA",2909.51543875375,-0.0638014890816259,0.91246469520563,0.944255626793622,0.966580239365861,"down_in_AD"
"hg38_wgRna_SNORA11B","snoRNA",9.18673927845926,0.0865317874934428,1.25093710630716,0.944851459510646,0.966580239365861,"up_in_AD"
"tRF3-Phe-GAA-3-1","tRF",15.7352356176745,-0.0790930264776598,1.20635037705021,0.947725036817468,0.968801205167745,"down_in_AD"
"hsa-piR-19735","piRNA",5.98163662879113,-0.104498241674781,1.6436869447447,0.949308229622615,0.969700776777471,"down_in_AD"
"tRF5-Leu-AAG-3-1","tRF",1249.90875580433,0.0648572011181194,1.12059974713394,0.953846426357668,0.973615264209641,"up_in_AD"
"hsa-piR-7008","piRNA",2.52944444734908,0.124230730495255,2.19062844101033,0.954776138313562,0.97384341326509,"up_in_AD"
"hg38_wgRna_U90","other",356.845229943642,-0.0506925374122102,0.97505397948829,0.958537085590799,0.976956866984266,"down_in_AD"
"hsa-piR-19032","piRNA",4.5911030714808,-0.0867869878380888,1.74420691644996,0.960315811973528,0.97804690155945,"down_in_AD"
"tRF3-Cys-GCA-14-1","tRF",6.84672889938258,-0.0692109309221687,1.46033539186335,0.962199322638654,0.979241967467678,"down_in_AD"
"hsa-piR-326","piRNA",1.92681317295596,0.117509449024986,2.57697978789664,0.963629325675802,0.979974070875318,"up_in_AD"
"tRF1_chr5_24_Lys_CTT_26198538","tRF",4.52515717750582,-0.0823694428449869,1.88976054063836,0.965233424463448,0.980863641379204,"down_in_AD"
"hsa-piR-5915","piRNA",149.126998850964,0.0513130790429083,1.21167861254471,0.966220680344018,0.980863641379204,"up_in_AD"
"hg38_wgRna_U93","other",155.107590996351,0.0475177891191807,1.14478942471363,0.966891006026636,0.980863641379204,"up_in_AD"
"hsa-miR-99b-5p","miRNA",28.5962236878064,-0.0505361904479602,1.23460355573003,0.967349203970789,0.980863641379204,"down_in_AD"
"hsa-piR-19859","piRNA",1.63395659902997,0.0918171868942548,3.00392332117692,0.97561585223704,0.987798454735091,"up_in_AD"
"hsa-piR-9827","piRNA",5.00436298246406,-0.0558299133302088,1.86370966689739,0.976101876205659,0.987798454735091,"down_in_AD"
"tRF5-Lys-TTT-5-1","tRF",6737.21974338671,0.0429849846422438,1.44920877201328,0.976337413925982,0.987798454735091,"up_in_AD"
"hsa-piR-12196","piRNA",44.6575100273067,0.0395173435251397,1.37981402159603,0.977152016151864,0.9878978227811,"up_in_AD"
"hsa-piR-20535","piRNA",9.73391864160705,0.042618875406749,1.5867527407329,0.978572052443924,0.988608688879246,"up_in_AD"
"hsa-piR-20838","piRNA",4.91021965123329,-0.039791868159223,1.63775089132947,0.980615981376928,0.989948344303648,"down_in_AD"
"tRF5-Und-NNN-4-1","tRF",19.7388265551983,0.0265272668722672,1.35292176922942,0.984356567359681,0.992627791455992,"up_in_AD"
"hsa-piR-16539","piRNA",3.60593741964469,-0.0367152334390698,1.99147187773213,0.985290850043375,0.992627791455992,"down_in_AD"
"hsa-piR-22402","piRNA",4.76348764004414,-0.0325300311484783,1.8503047301596,0.985973190156264,0.992627791455992,"down_in_AD"
"hsa-piR-9138","piRNA",3.65825347030952,-0.0375398057508899,2.16243398125025,0.986149437487099,0.992627791455992,"down_in_AD"
"hsa-piR-20117","piRNA",34.9472443046159,0.0198150134801843,1.2285596798277,0.987131754233402,0.992891822821198,"up_in_AD"
"hsa-miR-1260b","miRNA",96.1542224563131,-0.0149740156390042,0.994721209139438,0.987989514484964,0.993030277313969,"down_in_AD"
"hsa-piR-11005","piRNA",15.4236157405813,-0.0146615009770001,1.47916326982252,0.992091479044311,0.995931018639739,"down_in_AD"
"hsa-piR-28196","piRNA",2.82539919179262,-0.0167001531176451,2.06152498629863,0.993536508804136,0.995931018639739,"down_in_AD"
"hsa-miR-17-3p","miRNA",8.22983828571702,-0.0117660870867933,1.64062575096772,0.994277854808277,0.995931018639739,"down_in_AD"
"hsa-piR-20837","piRNA",6.9194714769176,0.0100152499435332,1.44036880491725,0.994452150807157,0.995931018639739,"up_in_AD"
"hg38_wgRna_mgU12-22/U4-8","other",39.3259999202849,0.00754019384778493,1.09118682996574,0.994486593667092,0.995931018639739,"up_in_AD"
"hsa-piR-27484","piRNA",17.0040519285971,-0.00663089474671853,1.50829703710344,0.99649228807709,0.996649678694765,"down_in_AD"
"hsa-piR-17602","piRNA",4.9714472333594,-0.00682884585955751,1.62629615836923,0.996649678694765,0.996649678694765,"down_in_AD"
"hsa-let-7a-5p","miRNA",162.896498675876,-0.045599421897166,1.16292776440415,NA,NA,"down_in_AD"
"hsa-miR-15a-5p","miRNA",159.338688333922,-2.22556054431795,1.38794979822841,NA,NA,"down_in_AD"
"hsa-miR-16-5p","miRNA",778.066149046354,-2.22560235931783,1.32242281709152,NA,NA,"down_in_AD"
"hsa-miR-21-5p","miRNA",977.641313743043,-0.586534349470034,1.34389667034746,NA,NA,"down_in_AD"
"hsa-miR-22-5p","miRNA",23.9519946451707,-1.08160453292182,1.33131971828076,NA,NA,"down_in_AD"
"hsa-miR-26a-5p","miRNA",594.62400382028,-1.83150976542918,1.24872020610623,NA,NA,"down_in_AD"
"hsa-miR-26b-5p","miRNA",30.6819285308381,-1.64394709415309,1.4415833437446,NA,NA,"down_in_AD"
"hsa-miR-29a-3p","miRNA",311.049210119304,-1.99318159307461,1.17704638954446,NA,NA,"down_in_AD"
"hsa-miR-30a-5p","miRNA",89.906302981707,-1.55157115980573,1.58053734906927,NA,NA,"down_in_AD"
"hsa-miR-30a-3p","miRNA",39.1298108467795,-1.66458176376885,1.67326995667448,NA,NA,"down_in_AD"
"hsa-miR-100-5p","miRNA",109.663357647893,2.54553231842388,1.33933197132676,NA,NA,"up_in_AD"
"hsa-miR-101-3p","miRNA",32.1449515001204,-1.25313632476992,1.59783440039803,NA,NA,"down_in_AD"
"hsa-miR-29b-3p","miRNA",7.56454436067476,-0.800393697166656,1.84105208255377,NA,NA,"down_in_AD"
"hsa-miR-30c-5p","miRNA",14.6512065260875,-1.04000972506794,1.37070491552424,NA,NA,"down_in_AD"
"hsa-miR-204-5p","miRNA",46.2258508594354,8.1874669601866,3.72976964232292,NA,NA,"up_in_AD"
"hsa-miR-214-3p","miRNA",120.94425549613,-4.43868715001857,3.73980919068318,NA,NA,"down_in_AD"
"hsa-miR-223-3p","miRNA",72.298990381749,-2.04810138068727,1.2355348123801,NA,NA,"down_in_AD"
"hsa-miR-27b-3p","miRNA",56.6123343348827,1.04522588799959,1.31043130105151,NA,NA,"up_in_AD"
"hsa-miR-30b-5p","miRNA",21.4358677354992,-2.03488541678087,1.32904605164594,NA,NA,"down_in_AD"
"hsa-miR-124-5p","miRNA",5.82676340621564,-4.30613136452055,2.23169625568006,NA,NA,"down_in_AD"
"hsa-miR-125b-5p","miRNA",251.640878192258,1.04593959957658,1.22961272540985,NA,NA,"up_in_AD"
"hsa-miR-140-5p","miRNA",11.3978412680361,-2.59884594055055,1.72074482279849,NA,NA,"down_in_AD"
"hsa-miR-142-3p","miRNA",85.44450638613,-2.83112534031623,1.41647505701454,NA,NA,"down_in_AD"
"hsa-miR-9-5p","miRNA",384.406020597422,5.68605590898468,1.38112366270936,NA,NA,"up_in_AD"
"hsa-miR-146a-5p","miRNA",332.356228639311,-2.25520043887541,1.2708675304975,NA,NA,"down_in_AD"
"hsa-miR-193a-3p","miRNA",6.55847181759104,-2.16340209114109,1.88591572301927,NA,NA,"down_in_AD"
"hsa-miR-301a-3p","miRNA",10.8144261048423,-1.33252090758834,1.83287442575501,NA,NA,"down_in_AD"
"hsa-miR-362-3p","miRNA",13.1558630491652,-3.49927651244073,1.82887700287947,NA,NA,"down_in_AD"
"hsa-miR-340-5p","miRNA",45.8925494140065,-1.74244045488808,1.46343643470276,NA,NA,"down_in_AD"
"hsa-miR-424-5p","miRNA",9.36234836837924,-3.1286162467343,1.72333636411993,NA,NA,"down_in_AD"
"hsa-miR-452-5p","miRNA",15.5511936138143,-2.59751118088331,1.57231861307089,NA,NA,"down_in_AD"
"hsa-miR-483-5p","miRNA",33.9194018953965,-22.7211739707403,3.9080941852788,NA,NA,"down_in_AD"
"hsa-miR-598-3p","miRNA",20.8094666906748,-0.959115158559826,1.49763252324036,NA,NA,"down_in_AD"
"hsa-miR-542-3p","miRNA",4.94365222212689,-2.8727033026106,2.19447504556794,NA,NA,"down_in_AD"
"hsa-miR-3065-5p","miRNA",6.65351347771158,-1.15802076453147,1.74728321955189,NA,NA,"down_in_AD"
"hsa-miR-4485-3p","miRNA",1042.03447609951,5.1542688554428,1.3228075514973,NA,NA,"up_in_AD"
"hsa-miR-12136","miRNA",62.1953515284127,2.53150728482585,1.25797203337787,NA,NA,"up_in_AD"
"tRF5-iMet-CAT-1-8","tRF",502.479251018382,1.27414635975547,1.11694775305306,NA,NA,"up_in_AD"
"tRF5-Lys-CTT-11-1","tRF",473.498315355542,4.45529762650136,1.46740829871185,NA,NA,"up_in_AD"
"tRF5-Glu-TTC-9-1","tRF",73.3860007766985,2.04677197381698,1.32061363408322,NA,NA,"up_in_AD"
"tRF5-Arg-CCT-3-1","tRF",9.75643030163189,4.46179274646539,1.84027250639881,NA,NA,"up_in_AD"
"tRF5-Gly-CCC-chr1-2","tRF",42.5961651135144,3.12758835177114,1.46556770692423,NA,NA,"up_in_AD"
"tRF5-Ile-AAT-7-2","tRF",15.5463612126218,1.38037638332618,1.64890386705971,NA,NA,"up_in_AD"
"tRF5-Ala-CGC-3-1","tRF",119.856444562953,1.50433759361161,1.23454704670931,NA,NA,"up_in_AD"
"tRF5-nm-Tyr-GTA-chr14-8","tRF",143.313705159624,2.64907049416513,1.22153174644578,NA,NA,"up_in_AD"
"tRF5-Cys-GCA-25-1","tRF",36.7402887432956,2.46832598238253,1.34066070200563,NA,NA,"up_in_AD"
"tRF5-Gly-CCC-7-1","tRF",2428.29506103178,0.989760047368587,1.0943003721626,NA,NA,"up_in_AD"
"tRF5-Tyr-GTA-11-1","tRF",122.492676856554,2.264587055529,1.2187174243683,NA,NA,"up_in_AD"
"tRF5-Glu-TTC-1-2","tRF",438.078056937236,1.11642883653429,1.35991179421916,NA,NA,"up_in_AD"
"tRF5-Glu-TTC-chr1-138","tRF",693.433886753829,-0.181280928739788,1.16475161223572,NA,NA,"down_in_AD"
"tRF5-Glu-CTC-2-1","tRF",38762.4140365637,0.841758969062025,1.08313730452091,NA,NA,"up_in_AD"
"tRF3-Cys-GCA-17-1","tRF",142.83576350526,-1.11677392787475,1.15956800625185,NA,NA,"down_in_AD"
"tRF3-Cys-GCA-23-1","tRF",140.009261850864,-1.13011240753976,1.16226280080526,NA,NA,"down_in_AD"
"tRF3-Cys-GCA-10-1","tRF",28.6321046345373,-0.98919924351421,1.28930111207775,NA,NA,"down_in_AD"
"tRF3-Cys-GCA-9-4","tRF",28.4759230179586,-1.39594705562235,1.34786787928488,NA,NA,"down_in_AD"
"tRF3-Lys-CTT-chr15-5","tRF",21.4483956500961,2.78087619318307,1.32313030753683,NA,NA,"up_in_AD"
"tRF1_chr15_10_Ser_GCT_40886022","tRF",50.0289080738414,-2.70181780632258,1.3956448885881,NA,NA,"down_in_AD"
"tRF1_chr10_2_Ser_TGA_69524343","tRF",243.081728746693,-2.3349115294189,1.21756224540733,NA,NA,"down_in_AD"
"tRF1_chrX_4_Val_TAC_18693028","tRF",11.194637104814,-1.82133266564509,1.79763974251003,NA,NA,"down_in_AD"
"tRF1_chr16_27_Leu_TAG_22207031","tRF",277.342813178268,-2.20206759534635,1.2477471056635,NA,NA,"down_in_AD"
"tRF1_chr15_4_Arg_TCG_89878377","tRF",8.54755206115846,-1.80153008155029,1.58303060068359,NA,NA,"down_in_AD"
"hg38_wgRna_U21","other",991.534520732079,-0.813427558367473,1.14613460892731,NA,NA,"down_in_AD"
"hg38_wgRna_HBII-210","other",708.69032780303,-0.874815676561235,1.23357591668186,NA,NA,"down_in_AD"
"hg38_wgRna_ACA19","other",49.7214174931961,-2.19029055062011,1.5074940170964,NA,NA,"down_in_AD"
"hg38_wgRna_U29","other",3906.02447130981,-0.894778914081809,1.23823966418795,NA,NA,"down_in_AD"
"hg38_wgRna_U49B","other",9.48127653445771,-2.49426595587344,3.78284045068319,NA,NA,"down_in_AD"
"hg38_wgRna_U33","other",2095.73071552288,-0.968375883372844,1.11971367875045,NA,NA,"down_in_AD"
"hg38_wgRna_U34","other",5019.61289234995,-0.610137592170397,1.28543978646149,NA,NA,"down_in_AD"
"hg38_wgRna_SNORD119","snoRNA",211.864080035319,-0.293421004350535,1.12824975868886,NA,NA,"down_in_AD"
"hg38_wgRna_HBII-55","other",1795.20812833323,-0.619778512081662,1.26579100053212,NA,NA,"down_in_AD"
"hsa-piR-11121","piRNA",109.003567566067,1.77793169076762,1.29355530719431,NA,NA,"up_in_AD"
"hsa-piR-1117","piRNA",205.382481405511,3.44801753905849,1.38802543761164,NA,NA,"up_in_AD"
"hsa-piR-12032","piRNA",5.6579825310542,4.39375039746839,2.29604286902367,NA,NA,"up_in_AD"
"hsa-piR-14137","piRNA",157.588189358411,3.07486224379368,1.55118511910155,NA,NA,"up_in_AD"
"hsa-piR-16920","piRNA",27.1033706548724,2.69501260633819,1.47368216186802,NA,NA,"up_in_AD"
"hsa-piR-17591","piRNA",11.1289716891147,3.88496387796949,1.79834586858893,NA,NA,"up_in_AD"
"hsa-piR-1900","piRNA",75.148522494507,1.39322326673627,1.32522952635304,NA,NA,"up_in_AD"
"hsa-piR-19007","piRNA",7.99085656666052,1.22849966780052,1.74382494275354,NA,NA,"up_in_AD"
"hsa-piR-19013","piRNA",47.3119371870641,1.7891457157524,1.26943222190974,NA,NA,"up_in_AD"
"hsa-piR-20636","piRNA",63.1129741938484,2.79575222399813,1.39373223640224,NA,NA,"up_in_AD"
"hsa-piR-22085","piRNA",24.6208475137379,3.24409617051247,1.69457206344038,NA,NA,"up_in_AD"
"hsa-piR-27468","piRNA",5.61790237005056,5.14944178767051,2.31073672816416,NA,NA,"up_in_AD"
"hsa-piR-28764","piRNA",51.8312526136384,2.09180661000187,1.36373910775487,NA,NA,"up_in_AD"
"hsa-piR-29006","piRNA",7.48292857494395,-3.66415797788792,2.07055655463546,NA,NA,"down_in_AD"
"hsa-piR-30777","piRNA",5.09986906817116,4.69789780221517,2.33931985933373,NA,NA,"up_in_AD"
"hsa-piR-4479","piRNA",19.6521831974909,1.7134361272577,1.34480778990548,NA,NA,"up_in_AD"
"hsa-piR-4504","piRNA",3.93812416130956,-5.09276602769541,2.67551726430107,NA,NA,"down_in_AD"
"hsa-piR-6859","piRNA",27.8502098079674,0.59345232758074,1.32484132067483,NA,NA,"up_in_AD"
